pragma foreign_keys = yes;

DROP TRIGGER IF EXISTS calculate_total_delete;
DROP TRIGGER IF EXISTS calculate_total_insert;

DROP TABLE IF EXISTS transaction_items;
DROP TABLE IF EXISTS transactions;
DROP TABLE IF EXISTS users;
DROP TABLE IF EXISTS items;


CREATE TABLE users
(
    uuid          text primary key,
    name          text(50)   not null,
    email         text       not null unique,
    password      text       not null default '$2a$10$SRS/4JMQIqIFUJc2WjWOWe9h8mvV1nm.36gl76KVZfgq6CGypu9se',
    vat           integer(9) not null unique,
    address       text(100)  not null,
    card_number   numeric    not null,
    card_validity text       not null,
    card_type     text       not null,
    public_key    text       not null unique
);

create table items
(
    uuid        text primary key,
    name        text    not null,
    description text    not null,
    barcode     numeric not null unique,
    price       numeric not null
);

create table "transactions"
(
    uuid        text primary key,
    token       text unique not null,
    total_price numeric     not null default 0,
    timestamp   timestamp   not null default current_timestamp,
    user_uuid   text     not null,
    token_valid boolean  not null default true,
    constraint user_fk foreign key (user_uuid) references users (uuid) on delete cascade
);

create table transaction_items
(
    id               integer primary key autoincrement,
    transaction_uuid text not null,
    item_uuid        text not null,
    constraint tr_fk foreign key (transaction_uuid) references transactions (uuid) on delete cascade,
    constraint item_fk foreign key (item_uuid) references items (uuid) on delete cascade
);

CREATE TRIGGER IF NOT EXISTS calculate_total_insert
    AFTER INSERT ON transaction_items
BEGIN
    UPDATE transactions
    SET total_price = round(
        (SELECT sum(price)
        from items, transaction_items
        where items.uuid = transaction_items.item_uuid AND transaction_items.transaction_uuid = new.transaction_uuid), 2)
    WHERE transactions.uuid = new.transaction_uuid;
end;

CREATE TRIGGER IF NOT EXISTS calculate_total_delete
    AFTER DELETE ON transaction_items
BEGIN
    UPDATE transactions
    SET total_price = round(
            (SELECT sum(price)
             from items, transaction_items
             where items.uuid = transaction_items.item_uuid AND transaction_items.transaction_uuid = old.transaction_uuid), 2)
    WHERE transactions.uuid = old.transaction_uuid;
end;


insert into users (uuid, name, vat, address, email, card_number, card_type, card_validity, public_key) values (1, 'Marketa Hardwin', 214883525, '8044 Mandrake Center', 'mhardwin0@nydailynews.com', '4017959739229326', 'visa', '4/22', '1AfXYBYtTKbz7zs6FBJSXyMKRkvSmN19BC');
insert into users (uuid, name, vat, address, email, card_number, card_type, card_validity, public_key) values (2, 'Felicio Delaprelle', 421759553, '07 Lillian Way', 'fdelaprelle1@timesonline.co.uk', '5108753131922696', 'mastercard', '10/22', '14hW32XuigjZemm2y3qmi73waDu7TetHo3');
insert into users (uuid, name, vat, address, email, card_number, card_type, card_validity, public_key) values (3, 'Stan Orsman', 834075790, '6740 Garrison Avenue', 'sorsman2@gov.uk', '5293145125727980', 'mastercard', '4/22', '18APBVbNBbd4bK5NqK7cdr9aLM5kVSCX8d');
insert into users (uuid, name, vat, address, email, card_number, card_type, card_validity, public_key) values (4, 'Bondie Dumbell', 681578991, '238 Truax Park', 'bdumbell3@wikispaces.com', '4041593577513', 'visa', '10/22', '17snUqvufRHaU2DkKU73eLegk9boLpMEi6');
insert into users (uuid, name, vat, address, email, card_number, card_type, card_validity, public_key) values (5, 'Gerik Lyddiatt', 245126813, '93644 Ronald Regan Terrace', 'glyddiatt4@slate.com', '4041595454257', 'visa', '4/22', '1Eggiwg7Uxvvmt2zU8WCztcs9itG1TB7BW');
insert into users (uuid, name, vat, address, email, card_number, card_type, card_validity, public_key) values (6, 'Caro Storks', 906259462, '4620 Tennyson Street', 'cstorks5@pagesperso-orange.fr', '4017953953595140', 'visa', '5/23', '13g8vSvZTSMnU9SbZv71FioapyrrKEkQUJ');
insert into users (uuid, name, vat, address, email, card_number, card_type, card_validity, public_key) values (7, 'Laurella Folland', 452321908, '0 Bluejay Lane', 'lfolland6@washingtonpost.com', '5108753801754817', 'mastercard', '4/22', '19Am24bvScY8PxK8riLnCqnGQ1GrPHAJfj');
insert into users (uuid, name, vat, address, email, card_number, card_type, card_validity, public_key) values (8, 'Michel McPhilip', 569620623, '523 Sutherland Point', 'mmcphilip7@dion.ne.jp', '4017953920275776', 'visa', '10/22', '17NB3uFEh8nycBT81UatJ5TxxdfhrZyDUq');
insert into users (uuid, name, vat, address, email, card_number, card_type, card_validity, public_key) values (9, 'Hamish Yuryichev', 510284768, '92 Ruskin Avenue', 'hyuryichev8@ucoz.ru', '5433432061071487', 'mastercard', '5/23', '162sC4K9rJ8FhmsuRDB3LDEW8yG4F3kDkA');
insert into users (uuid, name, vat, address, email, card_number, card_type, card_validity, public_key) values (10, 'Joelly Valentinuzzi', 609821196, '2599 Manitowish Hill', 'jvalentinuzzi9@vistaprint.com', '5108759163878797', 'mastercard', '5/23', '18wFHr1f1KjMqoayftuWqA11Gk8xR7Sd1h');
insert into users (uuid, name, vat, address, email, card_number, card_type, card_validity, public_key) values (11, 'Valerie Jedrzejewski', 961506592, '13 Doe Crossing Street', 'vjedrzejewskia@deliciousdays.com', '5145791339668138', 'mastercard', '4/22', '1CwuLvbRtqjrcm8PGjht8AfHNbg7cDbB5c');
insert into users (uuid, name, vat, address, email, card_number, card_type, card_validity, public_key) values (12, 'Letisha Dieton', 945170565, '6 Quincy Road', 'ldietonb@telegraph.co.uk', '5100147299502531', 'mastercard', '10/22', '1x7rGKQ4GMcJrn5753BqQ3UVh7yb18K9j');
insert into users (uuid, name, vat, address, email, card_number, card_type, card_validity, public_key) values (13, 'Zachary Maddicks', 465136193, '76903 Garrison Street', 'zmaddicksc@mashable.com', '5002356408661919', 'mastercard', '10/22', '15UUjY1d8tExeYXbtSEsW9zJUXiFe47qbT');
insert into users (uuid, name, vat, address, email, card_number, card_type, card_validity, public_key) values (14, 'Anatol Burberow', 812496907, '11 Muir Way', 'aburberowd@stanford.edu', '4017959438086', 'visa', '4/22', '18Bis7rAmSaFNpG7Sc4aD7jmFuzs8t3Y6U');
insert into users (uuid, name, vat, address, email, card_number, card_type, card_validity, public_key) values (15, 'Zerk Southerill', 428545981, '67 Elmside Street', 'zsoutherille@phpbb.com', '5405112673822584', 'mastercard', '10/22', '12UiGuirenCTYUX6DVBqNHGh1nhLvGTYRF');
insert into users (uuid, name, vat, address, email, card_number, card_type, card_validity, public_key) values (16, 'Tallia Pudner', 485520138, '43 Kenwood Street', 'tpudnerf@ucoz.com', '5002352907575965', 'mastercard', '5/23', '12hrstvX3FzhoH2DCYoVuUKQ4bkM1CBbMQ');
insert into users (uuid, name, vat, address, email, card_number, card_type, card_validity, public_key) values (17, 'Dillon Ajam', 301131862, '99793 Blue Bill Park Way', 'dajamg@google.com.br', '4041377525969486', 'visa', '5/23', '1A3xApn63VRaSK23UmcA6JE32XcQMxTkW8');
insert into users (uuid, name, vat, address, email, card_number, card_type, card_validity, public_key) values (18, 'Alysia Tuxill', 823688972, '01163 Carioca Road', 'atuxillh@opera.com', '4041379741630', 'visa', '4/22', '17JHqfRMGkqwBJxm585SisLsxujj9CkMKw');
insert into users (uuid, name, vat, address, email, card_number, card_type, card_validity, public_key) values (19, 'Elinor Hazelhurst', 472882556, '542 Pond Plaza', 'ehazelhursti@wisc.edu', '5007666129333456', 'mastercard', '4/22', '1FbzZR558utd1K66b4hwzrSa2Xu2rp5c1y');
insert into users (uuid, name, vat, address, email, card_number, card_type, card_validity, public_key) values (20, 'Arvin Dimic', 403724506, '656 Logan Road', 'adimicj@jiathis.com', '4017951626241', 'visa', '10/22', '1EwFw7MZX397HDP4wLieaHwFEn7oTn99ap');
insert into users (uuid, name, vat, address, email, card_number, card_type, card_validity, public_key) values (21, 'Douglass Gregoire', 441482144, '459 Evergreen Park', 'dgregoirek@over-blog.com', '5010123256714228', 'mastercard', '10/22', '1PTHzgdivDUNfLBgqa14awGdPQQPJ4yixp');
insert into users (uuid, name, vat, address, email, card_number, card_type, card_validity, public_key) values (22, 'Tildi Lacaze', 751522590, '06 Holy Cross Hill', 'tlacazel@google.de', '5100174084843052', 'mastercard', '5/23', '16gBHZGJj5JpaDn6XzWn9KQR2SqZ83vHu3');
insert into users (uuid, name, vat, address, email, card_number, card_type, card_validity, public_key) values (23, 'Hale Greenall', 642746715, '4466 Monica Avenue', 'hgreenallm@wufoo.com', '4041593337630765', 'visa', '10/22', '1NbE8rqCGBjQ218xPsyfRgDTNFQjyP4y3z');
insert into users (uuid, name, vat, address, email, card_number, card_type, card_validity, public_key) values (24, 'Kort Sopper', 673490555, '28018 Artisan Street', 'ksoppern@cornell.edu', '5456000847838503', 'mastercard', '4/22', '1PkebsU5E6a8waw28meczmc32Y192rSizR');
insert into users (uuid, name, vat, address, email, card_number, card_type, card_validity, public_key) values (25, 'Mack Kimbrough', 549880843, '01 Montana Trail', 'mkimbrougho@globo.com', '4017959147356', 'visa', '4/22', '1EbJqLQFNwgRW2NhNT2fohyKd1QWkMBpVp');
insert into users (uuid, name, vat, address, email, card_number, card_type, card_validity, public_key) values (26, 'Dian Genney', 867671207, '72 Elmside Lane', 'dgenneyp@cbc.ca', '4041370644189', 'visa', '10/22', '1PAmvLFa94hbVhjY7UVzvD5Zk3q9jnD7eo');
insert into users (uuid, name, vat, address, email, card_number, card_type, card_validity, public_key) values (27, 'Ruperta Shepland', 761494067, '8 Brown Circle', 'rsheplandq@dion.ne.jp', '5100136761846187', 'mastercard', '10/22', '1FpBi5BRRuY1A5ShYkKD3URjAL6w4oYXkV');
insert into users (uuid, name, vat, address, email, card_number, card_type, card_validity, public_key) values (28, 'Deane Makiver', 930221559, '737 Messerschmidt Road', 'dmakiverr@freewebs.com', '4041374029718', 'visa', '10/22', '1GR97kZqj4EcuDDCLqB4J1DWvk7VpVeSVp');
insert into users (uuid, name, vat, address, email, card_number, card_type, card_validity, public_key) values (29, 'Rivy Swepstone', 729622765, '19 Del Mar Way', 'rswepstones@godaddy.com', '5007662448759844', 'mastercard', '5/23', '139uQQnuSYVBuFjayVwFPVE3ErNd7WVdr1');
insert into users (uuid, name, vat, address, email, card_number, card_type, card_validity, public_key) values (30, 'Cherilynn Tremblot', 831656770, '84717 Leroy Way', 'ctremblott@elpais.com', '4852420287621438', 'visa', '10/22', '18Vc6wHRaybg5ApnjkAt2k5PvNurxEkrrg');
insert into users (uuid, name, vat, address, email, card_number, card_type, card_validity, public_key) values (31, 'Dede MacCosty', 854289755, '75 Green Pass', 'dmaccostyu@free.fr', '4017951037803', 'visa', '10/22', '17LmBfHaAYgXDLwkeG8Nsb3Dj1KPnW2vLD');
insert into users (uuid, name, vat, address, email, card_number, card_type, card_validity, public_key) values (32, 'Torrance Pargent', 478170115, '73901 Portage Alley', 'tpargentv@springer.com', '4041376501201', 'visa', '5/23', '12bX94t69ZUitQHhjBNF54TgBxQtGAUp8K');
insert into users (uuid, name, vat, address, email, card_number, card_type, card_validity, public_key) values (33, 'Baxie Drackford', 377397386, '3 Judy Road', 'bdrackfordw@free.fr', '5295561773161454', 'mastercard', '5/23', '17hvHn4AtGam3WrQUK2F9ezKb9rb7J6Qkq');
insert into users (uuid, name, vat, address, email, card_number, card_type, card_validity, public_key) values (34, 'Zulema Ouldcott', 209126496, '249 Macpherson Avenue', 'zouldcottx@icq.com', '5100138418581217', 'mastercard', '5/23', '13Uieo9wc23xRYRWPS3h2dndLjVhXszRt7');
insert into users (uuid, name, vat, address, email, card_number, card_type, card_validity, public_key) values (35, 'Hendrick Roggero', 909060776, '631 Bellgrove Terrace', 'hroggeroy@hostgator.com', '4309011218642', 'visa', '5/23', '1QGbZgnwrHTKWv12kYX9D66mAYWsC5CB2m');
insert into users (uuid, name, vat, address, email, card_number, card_type, card_validity, public_key) values (36, 'Fin Dobrowlski', 986192370, '5 Elka Trail', 'fdobrowlskiz@tripod.com', '5180590244481348', 'mastercard', '10/22', '165D8iPWgPqUMFpmeXfvBMEFhvLkfSm3Yy');
insert into users (uuid, name, vat, address, email, card_number, card_type, card_validity, public_key) values (37, 'Temple Gaylard', 161003885, '1 Melvin Pass', 'tgaylard10@ed.gov', '4041375506061836', 'visa', '4/22', '1LJmBF13Mtbv77vAq9D6XQtBgNmMZuk1yD');
insert into users (uuid, name, vat, address, email, card_number, card_type, card_validity, public_key) values (38, 'Melissa Machan', 373059052, '6355 Mayer Way', 'mmachan11@whitehouse.gov', '4041594184169352', 'visa', '4/22', '17XrtGjH6ne6HKnaRDaDw4VxTuCBHs5nQL');
insert into users (uuid, name, vat, address, email, card_number, card_type, card_validity, public_key) values (39, 'Borden Suatt', 265178547, '9522 Buena Vista Road', 'bsuatt12@cyberchimps.com', '5108756589056339', 'mastercard', '10/22', '1J9FqK5GQz7ddCwweCdPTbZuLS6ndDBWAd');
insert into users (uuid, name, vat, address, email, card_number, card_type, card_validity, public_key) values (40, 'Moises Sheivels', 480371198, '4290 Everett Lane', 'msheivels13@whitehouse.gov', '4017952525541', 'visa', '5/23', '16uEuqz2uzNXLvGAa7nHh8g16CgAduCRoG');
insert into users (uuid, name, vat, address, email, card_number, card_type, card_validity, public_key) values (41, 'Darleen Allchorn', 206552947, '4 American Pass', 'dallchorn14@skype.com', '5578938369302270', 'mastercard', '4/22', '14E9zSDoXf1g9JhVjjx68SQv6dV4GngyzH');
insert into users (uuid, name, vat, address, email, card_number, card_type, card_validity, public_key) values (42, 'Adriena Matushevitz', 488801836, '2089 Nevada Hill', 'amatushevitz15@nymag.com', '5007665673759272', 'mastercard', '10/22', '1BEBkVohmZcGCzKuh97YvrHXbuF3g5FHGF');
insert into users (uuid, name, vat, address, email, card_number, card_type, card_validity, public_key) values (43, 'Lilith Norris', 852713671, '0598 Mayfield Way', 'lnorris16@ucoz.ru', '5010125215807860', 'mastercard', '10/22', '1GVJg1uGTdatLqKYe5ibSKNvLFDvrtSsuN');
insert into users (uuid, name, vat, address, email, card_number, card_type, card_validity, public_key) values (44, 'Susana Slemming', 611671068, '89 Mayer Hill', 'sslemming17@example.com', '5364670032469909', 'mastercard', '10/22', '1CPfymFBxyWbPmna3X1VsokMgRn6bGk978');
insert into users (uuid, name, vat, address, email, card_number, card_type, card_validity, public_key) values (45, 'Dill Dayes', 202576545, '70522 Melody Place', 'ddayes18@deliciousdays.com', '5007669361103074', 'mastercard', '5/23', '13orBFXQB6tvMVvzeS4z5DmnJRVVDKijTb');
insert into users (uuid, name, vat, address, email, card_number, card_type, card_validity, public_key) values (46, 'Amalie Gotter', 216513609, '105 Dryden Trail', 'agotter19@squidoo.com', '4041374435246', 'visa', '5/23', '1CpFHCcyrpcu6Z6c2cubmLy1ZYE35nTWr4');
insert into users (uuid, name, vat, address, email, card_number, card_type, card_validity, public_key) values (47, 'Bathsheba Cakes', 449617704, '9 Tony Place', 'bcakes1a@whitehouse.gov', '4017952076891', 'visa', '4/22', '1Crue3GYmGSiXuWBJ7oZNtwS7KfSPisH7a');
insert into users (uuid, name, vat, address, email, card_number, card_type, card_validity, public_key) values (48, 'Kerk Leist', 210198348, '986 Buena Vista Trail', 'kleist1b@dropbox.com', '5100140738927567', 'mastercard', '10/22', '1AQVhFavdNmwUVoV3BfLSD26AWw3VwKDJr');
insert into users (uuid, name, vat, address, email, card_number, card_type, card_validity, public_key) values (49, 'Sunny Pardew', 907155967, '4 Almo Plaza', 'spardew1c@dailymail.co.uk', '4386026787050', 'visa', '5/23', '1HyYHih4vfgNZEusPyHX7JN5ZLP7xUgB98');
insert into users (uuid, name, vat, address, email, card_number, card_type, card_validity, public_key) values (50, 'Sofie Swayland', 935102540, '4841 Daystar Way', 'sswayland1d@unicef.org', '5048379681013414', 'mastercard', '4/22', '1Lp81NRcRepL3kVcZJMiqih2B8GVUtEfF8');

insert into items (uuid, name, description, barcode, price) values (1, 'Muffin Chocolate Individual Wrap', 'Nulla ut erat id mauris vulputate elementum. Nullam varius. Nulla facilisi.', 44161122489, 43.01);
insert into items (uuid, name, description, barcode, price) values (2, 'Coffee - Decafenated', 'In sagittis dui vel nisl. Duis ac nibh. Fusce lacus purus, aliquet at, feugiat non, pretium quis, lectus.', 99880128013, 7.58);
insert into items (uuid, name, description, barcode, price) values (3, 'Sprouts - Peppercress', 'Donec diam neque, vestibulum eget, vulputate ut, ultrices vel, augue. Vestibulum ante ipsum primis in faucibus orci luctus et ultrices posuere cubilia Curae; Donec pharetra, magna vestibulum aliquet ultrices, erat tortor sollicitudin mi, sit amet lobortis sapien sapien non mi. Integer ac neque.', 90071802016, 56.27);
insert into items (uuid, name, description, barcode, price) values (4, 'Creme De Cacao Mcguines', 'In hac habitasse platea dictumst. Morbi vestibulum, velit id pretium iaculis, diam erat fermentum justo, nec condimentum neque sapien placerat ante. Nulla justo.', 33094424788, 22.43);
insert into items (uuid, name, description, barcode, price) values (5, 'Sprouts - Alfalfa', 'Vestibulum quam sapien, varius ut, blandit non, interdum in, ante. Vestibulum ante ipsum primis in faucibus orci luctus et ultrices posuere cubilia Curae; Duis faucibus accumsan odio. Curabitur convallis.', 73984677937, 86.97);
insert into items (uuid, name, description, barcode, price) values (6, 'Chocolate - Chips Compound', 'Curabitur gravida nisi at nibh. In hac habitasse platea dictumst. Aliquam augue quam, sollicitudin vitae, consectetuer eget, rutrum at, lorem.', 61506730535, 88.06);
insert into items (uuid, name, description, barcode, price) values (7, 'Bandage - Fexible 1x3', 'In hac habitasse platea dictumst. Etiam faucibus cursus urna. Ut tellus.', 23406911148, 14.89);
insert into items (uuid, name, description, barcode, price) values (8, 'Beer - Blue Light', 'Duis bibendum. Morbi non quam nec dui luctus rutrum. Nulla tellus.', 37213707773, 39.13);
insert into items (uuid, name, description, barcode, price) values (9, 'Muffin - Banana Nut Individual', 'Curabitur at ipsum ac tellus semper interdum. Mauris ullamcorper purus sit amet nulla. Quisque arcu libero, rutrum ac, lobortis vel, dapibus at, diam.', 78293415153, 74.81);
insert into items (uuid, name, description, barcode, price) values (10, 'Cheese Cloth No 100', 'In hac habitasse platea dictumst. Morbi vestibulum, velit id pretium iaculis, diam erat fermentum justo, nec condimentum neque sapien placerat ante. Nulla justo.', 29782641761, 86.85);
insert into items (uuid, name, description, barcode, price) values (11, 'Bandage - Finger Cots', 'Praesent blandit. Nam nulla. Integer pede justo, lacinia eget, tincidunt eget, tempus vel, pede.', 62996040036, 34.4);
insert into items (uuid, name, description, barcode, price) values (12, 'Pepper - Yellow Bell', 'Aenean fermentum. Donec ut mauris eget massa tempor convallis. Nulla neque libero, convallis eget, eleifend luctus, ultricies eu, nibh.', 58116084441, 47.08);
insert into items (uuid, name, description, barcode, price) values (13, 'Blueberries', 'Duis bibendum, felis sed interdum venenatis, turpis enim blandit mi, in porttitor pede justo eu massa. Donec dapibus. Duis at velit eu est congue elementum.', 21418480661, 17.44);
insert into items (uuid, name, description, barcode, price) values (14, 'Puree - Mocha', 'Phasellus sit amet erat. Nulla tempus. Vivamus in felis eu sapien cursus vestibulum.', 26511145389, 88.87);
insert into items (uuid, name, description, barcode, price) values (15, 'Relish', 'Quisque id justo sit amet sapien dignissim vestibulum. Vestibulum ante ipsum primis in faucibus orci luctus et ultrices posuere cubilia Curae; Nulla dapibus dolor vel est. Donec odio justo, sollicitudin ut, suscipit a, feugiat et, eros.', 28319030913, 89.33);
insert into items (uuid, name, description, barcode, price) values (16, 'Schnappes Peppermint - Walker', 'Cras mi pede, malesuada in, imperdiet et, commodo vulputate, justo. In blandit ultrices enim. Lorem ipsum dolor sit amet, consectetuer adipiscing elit.', 72853603926, 59.21);
insert into items (uuid, name, description, barcode, price) values (17, 'Wine - Jaboulet Cotes Du Rhone', 'In hac habitasse platea dictumst. Etiam faucibus cursus urna. Ut tellus.', 21596187910, 36.62);
insert into items (uuid, name, description, barcode, price) values (18, 'Cheese - Stilton', 'Pellentesque at nulla. Suspendisse potenti. Cras in purus eu magna vulputate luctus.', 60444346159, 5.06);
insert into items (uuid, name, description, barcode, price) values (19, 'Cheese - Swiss', 'Proin eu mi. Nulla ac enim. In tempor, turpis nec euismod scelerisque, quam turpis adipiscing lorem, vitae mattis nibh ligula nec sem.', 43085780324, 8.25);
insert into items (uuid, name, description, barcode, price) values (20, 'Lettuce - Iceberg', 'Cras mi pede, malesuada in, imperdiet et, commodo vulputate, justo. In blandit ultrices enim. Lorem ipsum dolor sit amet, consectetuer adipiscing elit.', 89268846062, 37.55);
insert into items (uuid, name, description, barcode, price) values (21, 'Wine - Baron De Rothschild', 'Curabitur at ipsum ac tellus semper interdum. Mauris ullamcorper purus sit amet nulla. Quisque arcu libero, rutrum ac, lobortis vel, dapibus at, diam.', 21464304529, 91.49);
insert into items (uuid, name, description, barcode, price) values (22, 'Sauce - Chili', 'Fusce consequat. Nulla nisl. Nunc nisl.', 28971418915, 76.44);
insert into items (uuid, name, description, barcode, price) values (23, 'Lemonade - Black Cherry, 591 Ml', 'Fusce consequat. Nulla nisl. Nunc nisl.', 61285713873, 67.15);
insert into items (uuid, name, description, barcode, price) values (24, 'Filter - Coffee', 'Proin eu mi. Nulla ac enim. In tempor, turpis nec euismod scelerisque, quam turpis adipiscing lorem, vitae mattis nibh ligula nec sem.', 59763939204, 1.01);
insert into items (uuid, name, description, barcode, price) values (25, 'Salami - Genova', 'Nulla ut erat id mauris vulputate elementum. Nullam varius. Nulla facilisi.', 22618166339, 52.03);
insert into items (uuid, name, description, barcode, price) values (26, 'Ice Cream - Super Sandwich', 'Proin interdum mauris non ligula pellentesque ultrices. Phasellus id sapien in sapien iaculis congue. Vivamus metus arcu, adipiscing molestie, hendrerit at, vulputate vitae, nisl.', 53747636180, 41.91);
insert into items (uuid, name, description, barcode, price) values (27, 'Pepper - Cubanelle', 'Proin interdum mauris non ligula pellentesque ultrices. Phasellus id sapien in sapien iaculis congue. Vivamus metus arcu, adipiscing molestie, hendrerit at, vulputate vitae, nisl.', 27777430963, 29.47);
insert into items (uuid, name, description, barcode, price) values (28, 'Bread - 10 Grain', 'Phasellus sit amet erat. Nulla tempus. Vivamus in felis eu sapien cursus vestibulum.', 68116150987, 53.24);
insert into items (uuid, name, description, barcode, price) values (29, 'Brandy Cherry - Mcguinness', 'Duis bibendum. Morbi non quam nec dui luctus rutrum. Nulla tellus.', 37387822940, 66.29);
insert into items (uuid, name, description, barcode, price) values (30, 'Shrimp - 150 - 250', 'Nam ultrices, libero non mattis pulvinar, nulla pede ullamcorper augue, a suscipit nulla elit ac nulla. Sed vel enim sit amet nunc viverra dapibus. Nulla suscipit ligula in lacus.', 97428886529, 34.76);
insert into items (uuid, name, description, barcode, price) values (31, 'Veal - Provimi Inside', 'Nulla ut erat id mauris vulputate elementum. Nullam varius. Nulla facilisi.', 63487427172, 96.1);
insert into items (uuid, name, description, barcode, price) values (32, 'Veal - Heart', 'In quis justo. Maecenas rhoncus aliquam lacus. Morbi quis tortor id nulla ultrices aliquet.', 32371071282, 31.89);
insert into items (uuid, name, description, barcode, price) values (33, 'Cookie Double Choco', 'Duis bibendum. Morbi non quam nec dui luctus rutrum. Nulla tellus.', 62727015074, 98.14);
insert into items (uuid, name, description, barcode, price) values (34, 'Scallop - St. Jaques', 'Aenean fermentum. Donec ut mauris eget massa tempor convallis. Nulla neque libero, convallis eget, eleifend luctus, ultricies eu, nibh.', 89703538972, 58.79);
insert into items (uuid, name, description, barcode, price) values (35, 'Turnip - Mini', 'Morbi porttitor lorem id ligula. Suspendisse ornare consequat lectus. In est risus, auctor sed, tristique in, tempus sit amet, sem.', 11432898880, 6.43);
insert into items (uuid, name, description, barcode, price) values (36, 'Longos - Penne With Pesto', 'Quisque porta volutpat erat. Quisque erat eros, viverra eget, congue eget, semper rutrum, nulla. Nunc purus.', 21243178921, 1.77);
insert into items (uuid, name, description, barcode, price) values (37, 'Energy Drink - Redbull 355ml', 'Praesent blandit. Nam nulla. Integer pede justo, lacinia eget, tincidunt eget, tempus vel, pede.', 61129335244, 6.78);
insert into items (uuid, name, description, barcode, price) values (38, 'Cinnamon Rolls', 'Fusce consequat. Nulla nisl. Nunc nisl.', 70526404341, 78.8);
insert into items (uuid, name, description, barcode, price) values (39, 'Sardines', 'Suspendisse potenti. In eleifend quam a odio. In hac habitasse platea dictumst.', 60626078481, 50.91);
insert into items (uuid, name, description, barcode, price) values (40, 'Arctic Char - Fresh, Whole', 'Fusce consequat. Nulla nisl. Nunc nisl.', 38943875242, 22.25);
insert into items (uuid, name, description, barcode, price) values (41, 'Appetizer - Crab And Brie', 'Proin eu mi. Nulla ac enim. In tempor, turpis nec euismod scelerisque, quam turpis adipiscing lorem, vitae mattis nibh ligula nec sem.', 18542244229, 12.87);
insert into items (uuid, name, description, barcode, price) values (42, 'Beans - Soya Bean', 'Aenean fermentum. Donec ut mauris eget massa tempor convallis. Nulla neque libero, convallis eget, eleifend luctus, ultricies eu, nibh.', 94932751356, 76.87);
insert into items (uuid, name, description, barcode, price) values (43, 'Bread - Raisin Walnut Pull', 'Curabitur gravida nisi at nibh. In hac habitasse platea dictumst. Aliquam augue quam, sollicitudin vitae, consectetuer eget, rutrum at, lorem.', 70041514715, 92.57);
insert into items (uuid, name, description, barcode, price) values (44, 'Rolled Oats', 'Curabitur in libero ut massa volutpat convallis. Morbi odio odio, elementum eu, interdum eu, tincidunt in, leo. Maecenas pulvinar lobortis est.', 53918062101, 31.28);
insert into items (uuid, name, description, barcode, price) values (45, 'Wine - Ruffino Chianti', 'Praesent id massa id nisl venenatis lacinia. Aenean sit amet justo. Morbi ut odio.', 23524285271, 61.85);
insert into items (uuid, name, description, barcode, price) values (46, 'Wine - German Riesling', 'Fusce posuere felis sed lacus. Morbi sem mauris, laoreet ut, rhoncus aliquet, pulvinar sed, nisl. Nunc rhoncus dui vel sem.', 54102697392, 79.41);
insert into items (uuid, name, description, barcode, price) values (47, 'Filter - Coffee', 'Fusce posuere felis sed lacus. Morbi sem mauris, laoreet ut, rhoncus aliquet, pulvinar sed, nisl. Nunc rhoncus dui vel sem.', 62058592929, 42.65);
insert into items (uuid, name, description, barcode, price) values (48, 'Yogurt - French Vanilla', 'Morbi non lectus. Aliquam sit amet diam in magna bibendum imperdiet. Nullam orci pede, venenatis non, sodales sed, tincidunt eu, felis.', 54593402856, 97.66);
insert into items (uuid, name, description, barcode, price) values (49, 'The Pop Shoppe - Cream Soda', 'Aenean lectus. Pellentesque eget nunc. Donec quis orci eget orci vehicula condimentum.', 30266937406, 56.69);
insert into items (uuid, name, description, barcode, price) values (50, 'Milk - 1%', 'Suspendisse potenti. In eleifend quam a odio. In hac habitasse platea dictumst.', 31907502703, 24.01);
insert into items (uuid, name, description, barcode, price) values (51, 'Pail - 15l White, With Handle', 'Etiam vel augue. Vestibulum rutrum rutrum neque. Aenean auctor gravida sem.', 64800449253, 82.64);
insert into items (uuid, name, description, barcode, price) values (52, 'Pepper - Chilli Seeds Mild', 'Curabitur at ipsum ac tellus semper interdum. Mauris ullamcorper purus sit amet nulla. Quisque arcu libero, rutrum ac, lobortis vel, dapibus at, diam.', 82399362783, 21.08);
insert into items (uuid, name, description, barcode, price) values (53, 'Wine - Tribal Sauvignon', 'Etiam vel augue. Vestibulum rutrum rutrum neque. Aenean auctor gravida sem.', 29793741080, 24.79);
insert into items (uuid, name, description, barcode, price) values (54, 'Eggplant Oriental', 'Proin interdum mauris non ligula pellentesque ultrices. Phasellus id sapien in sapien iaculis congue. Vivamus metus arcu, adipiscing molestie, hendrerit at, vulputate vitae, nisl.', 24898958427, 30.11);
insert into items (uuid, name, description, barcode, price) values (55, 'Food Colouring - Blue', 'Duis consequat dui nec nisi volutpat eleifend. Donec ut dolor. Morbi vel lectus in quam fringilla rhoncus.', 78827204866, 64.82);
insert into items (uuid, name, description, barcode, price) values (56, 'Icecream - Dstk Cml And Fdg', 'Aenean lectus. Pellentesque eget nunc. Donec quis orci eget orci vehicula condimentum.', 41980548203, 32.72);
insert into items (uuid, name, description, barcode, price) values (57, 'Wine - Rhine Riesling Wolf Blass', 'Cras mi pede, malesuada in, imperdiet et, commodo vulputate, justo. In blandit ultrices enim. Lorem ipsum dolor sit amet, consectetuer adipiscing elit.', 96133361211, 28.27);
insert into items (uuid, name, description, barcode, price) values (58, 'Jam - Strawberry, 20 Ml Jar', 'Maecenas ut massa quis augue luctus tincidunt. Nulla mollis molestie lorem. Quisque ut erat.', 33329995121, 83.04);
insert into items (uuid, name, description, barcode, price) values (59, 'Lychee', 'Nullam sit amet turpis elementum ligula vehicula consequat. Morbi a ipsum. Integer a nibh.', 35044719989, 61.06);
insert into items (uuid, name, description, barcode, price) values (60, 'Coffee - Decafenated', 'Suspendisse potenti. In eleifend quam a odio. In hac habitasse platea dictumst.', 97323274682, 88.31);
insert into items (uuid, name, description, barcode, price) values (61, 'Pasta - Spaghetti, Dry', 'In sagittis dui vel nisl. Duis ac nibh. Fusce lacus purus, aliquet at, feugiat non, pretium quis, lectus.', 40323939058, 96.09);
insert into items (uuid, name, description, barcode, price) values (62, 'Pork - Butt, Boneless', 'Maecenas ut massa quis augue luctus tincidunt. Nulla mollis molestie lorem. Quisque ut erat.', 90837770896, 69.18);
insert into items (uuid, name, description, barcode, price) values (63, 'Cake - Box Window 10x10x2.5', 'Pellentesque at nulla. Suspendisse potenti. Cras in purus eu magna vulputate luctus.', 26055892497, 93.05);
insert into items (uuid, name, description, barcode, price) values (64, 'Corn - Mini', 'Proin leo odio, porttitor id, consequat in, consequat ut, nulla. Sed accumsan felis. Ut at dolor quis odio consequat varius.', 59403565675, 52.44);
insert into items (uuid, name, description, barcode, price) values (65, 'Spice - Greek 1 Step', 'Integer tincidunt ante vel ipsum. Praesent blandit lacinia erat. Vestibulum sed magna at nunc commodo placerat.', 58112180653, 16.51);
insert into items (uuid, name, description, barcode, price) values (66, 'Wine - Alicanca Vinho Verde', 'Etiam vel augue. Vestibulum rutrum rutrum neque. Aenean auctor gravida sem.', 20796668205, 19.46);
insert into items (uuid, name, description, barcode, price) values (67, 'Beets - Pickled', 'Phasellus in felis. Donec semper sapien a libero. Nam dui.', 90180298132, 97.29);
insert into items (uuid, name, description, barcode, price) values (68, 'Mushroom - Morels, Dry', 'Duis consequat dui nec nisi volutpat eleifend. Donec ut dolor. Morbi vel lectus in quam fringilla rhoncus.', 79988033312, 11.57);
insert into items (uuid, name, description, barcode, price) values (69, 'Ham - Virginia', 'Mauris enim leo, rhoncus sed, vestibulum sit amet, cursus id, turpis. Integer aliquet, massa id lobortis convallis, tortor risus dapibus augue, vel accumsan tellus nisi eu orci. Mauris lacinia sapien quis libero.', 90891568406, 49.77);
insert into items (uuid, name, description, barcode, price) values (70, 'Rabbit - Saddles', 'Morbi porttitor lorem id ligula. Suspendisse ornare consequat lectus. In est risus, auctor sed, tristique in, tempus sit amet, sem.', 62355671546, 2.37);
insert into items (uuid, name, description, barcode, price) values (71, 'Wine - Acient Coast Caberne', 'Fusce posuere felis sed lacus. Morbi sem mauris, laoreet ut, rhoncus aliquet, pulvinar sed, nisl. Nunc rhoncus dui vel sem.', 62597598901, 94.59);
insert into items (uuid, name, description, barcode, price) values (72, 'Everfresh Products', 'In quis justo. Maecenas rhoncus aliquam lacus. Morbi quis tortor id nulla ultrices aliquet.', 29780588306, 57.11);
insert into items (uuid, name, description, barcode, price) values (73, 'Wine - Red, Cabernet Merlot', 'Nulla ut erat id mauris vulputate elementum. Nullam varius. Nulla facilisi.', 54788638443, 59.26);
insert into items (uuid, name, description, barcode, price) values (74, 'Salmon - Canned', 'Duis bibendum. Morbi non quam nec dui luctus rutrum. Nulla tellus.', 33080012210, 32.82);
insert into items (uuid, name, description, barcode, price) values (75, 'Radish', 'Proin leo odio, porttitor id, consequat in, consequat ut, nulla. Sed accumsan felis. Ut at dolor quis odio consequat varius.', 69179698695, 58.99);
insert into items (uuid, name, description, barcode, price) values (76, 'Jicama', 'Aliquam quis turpis eget elit sodales scelerisque. Mauris sit amet eros. Suspendisse accumsan tortor quis turpis.', 73246412050, 70.03);
insert into items (uuid, name, description, barcode, price) values (77, 'Cheese - Parmesan Cubes', 'Fusce posuere felis sed lacus. Morbi sem mauris, laoreet ut, rhoncus aliquet, pulvinar sed, nisl. Nunc rhoncus dui vel sem.', 84505105467, 40.77);
insert into items (uuid, name, description, barcode, price) values (78, 'Shark - Loin', 'In sagittis dui vel nisl. Duis ac nibh. Fusce lacus purus, aliquet at, feugiat non, pretium quis, lectus.', 75054738504, 87.05);
insert into items (uuid, name, description, barcode, price) values (79, 'Carbonated Water - Wildberry', 'Maecenas tristique, est et tempus semper, est quam pharetra magna, ac consequat metus sapien ut nunc. Vestibulum ante ipsum primis in faucibus orci luctus et ultrices posuere cubilia Curae; Mauris viverra diam vitae quam. Suspendisse potenti.', 28026174757, 78.97);
insert into items (uuid, name, description, barcode, price) values (80, 'Cinnamon - Ground', 'Proin leo odio, porttitor id, consequat in, consequat ut, nulla. Sed accumsan felis. Ut at dolor quis odio consequat varius.', 29302074872, 71.66);
insert into items (uuid, name, description, barcode, price) values (81, 'Persimmons', 'Integer tincidunt ante vel ipsum. Praesent blandit lacinia erat. Vestibulum sed magna at nunc commodo placerat.', 64226181243, 64.72);
insert into items (uuid, name, description, barcode, price) values (82, 'Mushroom - White Button', 'Quisque porta volutpat erat. Quisque erat eros, viverra eget, congue eget, semper rutrum, nulla. Nunc purus.', 89018827077, 4.13);
insert into items (uuid, name, description, barcode, price) values (83, 'Stock - Fish', 'Aliquam quis turpis eget elit sodales scelerisque. Mauris sit amet eros. Suspendisse accumsan tortor quis turpis.', 87428341621, 72.63);
insert into items (uuid, name, description, barcode, price) values (84, 'Capon - Whole', 'Suspendisse potenti. In eleifend quam a odio. In hac habitasse platea dictumst.', 54910864895, 21.51);
insert into items (uuid, name, description, barcode, price) values (85, 'Potatoes - Yukon Gold, 80 Ct', 'Praesent blandit. Nam nulla. Integer pede justo, lacinia eget, tincidunt eget, tempus vel, pede.', 50981989916, 9.9);
insert into items (uuid, name, description, barcode, price) values (86, 'Mint - Fresh', 'Integer tincidunt ante vel ipsum. Praesent blandit lacinia erat. Vestibulum sed magna at nunc commodo placerat.', 49416081384, 14.03);
insert into items (uuid, name, description, barcode, price) values (87, 'Longos - Chicken Cordon Bleu', 'Vestibulum quam sapien, varius ut, blandit non, interdum in, ante. Vestibulum ante ipsum primis in faucibus orci luctus et ultrices posuere cubilia Curae; Duis faucibus accumsan odio. Curabitur convallis.', 75504418691, 58.66);
insert into items (uuid, name, description, barcode, price) values (88, 'Orange - Tangerine', 'Suspendisse potenti. In eleifend quam a odio. In hac habitasse platea dictumst.', 33514988051, 42.41);
insert into items (uuid, name, description, barcode, price) values (89, 'Juice - Cranberry, 341 Ml', 'Aenean lectus. Pellentesque eget nunc. Donec quis orci eget orci vehicula condimentum.', 34688449656, 4.9);
insert into items (uuid, name, description, barcode, price) values (90, 'Pork - Caul Fat', 'Nulla ut erat id mauris vulputate elementum. Nullam varius. Nulla facilisi.', 95940521139, 55.68);
insert into items (uuid, name, description, barcode, price) values (91, 'Bread - Pita, Mini', 'In hac habitasse platea dictumst. Etiam faucibus cursus urna. Ut tellus.', 31032661309, 51.93);
insert into items (uuid, name, description, barcode, price) values (92, 'Bacardi Limon', 'Maecenas tristique, est et tempus semper, est quam pharetra magna, ac consequat metus sapien ut nunc. Vestibulum ante ipsum primis in faucibus orci luctus et ultrices posuere cubilia Curae; Mauris viverra diam vitae quam. Suspendisse potenti.', 23837101808, 15.97);
insert into items (uuid, name, description, barcode, price) values (93, 'Isomalt', 'Morbi porttitor lorem id ligula. Suspendisse ornare consequat lectus. In est risus, auctor sed, tristique in, tempus sit amet, sem.', 37453181347, 80.84);
insert into items (uuid, name, description, barcode, price) values (94, 'Sprouts Dikon', 'Aliquam quis turpis eget elit sodales scelerisque. Mauris sit amet eros. Suspendisse accumsan tortor quis turpis.', 46583304220, 31.65);
insert into items (uuid, name, description, barcode, price) values (95, 'Cheese - Brick With Pepper', 'Nullam sit amet turpis elementum ligula vehicula consequat. Morbi a ipsum. Integer a nibh.', 28157416116, 27.99);
insert into items (uuid, name, description, barcode, price) values (96, 'Bread - Mini Hamburger Bun', 'Duis consequat dui nec nisi volutpat eleifend. Donec ut dolor. Morbi vel lectus in quam fringilla rhoncus.', 93282210639, 76.63);
insert into items (uuid, name, description, barcode, price) values (97, 'Yogurt - Blueberry, 175 Gr', 'Morbi non lectus. Aliquam sit amet diam in magna bibendum imperdiet. Nullam orci pede, venenatis non, sodales sed, tincidunt eu, felis.', 82218958176, 68.31);
insert into items (uuid, name, description, barcode, price) values (98, 'Pork Loin Cutlets', 'Phasellus sit amet erat. Nulla tempus. Vivamus in felis eu sapien cursus vestibulum.', 23774867135, 9.33);
insert into items (uuid, name, description, barcode, price) values (99, 'Sausage - Liver', 'Curabitur gravida nisi at nibh. In hac habitasse platea dictumst. Aliquam augue quam, sollicitudin vitae, consectetuer eget, rutrum at, lorem.', 58931377004, 31.7);
insert into items (uuid, name, description, barcode, price) values (100, 'Bread - White Mini Epi', 'Mauris enim leo, rhoncus sed, vestibulum sit amet, cursus id, turpis. Integer aliquet, massa id lobortis convallis, tortor risus dapibus augue, vel accumsan tellus nisi eu orci. Mauris lacinia sapien quis libero.', 77830505171, 81.97);
insert into items (uuid, name, description, barcode, price) values (101, 'Ginger - Pickled', 'Maecenas ut massa quis augue luctus tincidunt. Nulla mollis molestie lorem. Quisque ut erat.', 99395557456, 87.3);
insert into items (uuid, name, description, barcode, price) values (102, 'Nectarines', 'In sagittis dui vel nisl. Duis ac nibh. Fusce lacus purus, aliquet at, feugiat non, pretium quis, lectus.', 58725018174, 11.87);
insert into items (uuid, name, description, barcode, price) values (103, 'Chocolate - Pistoles, Lactee, Milk', 'Curabitur at ipsum ac tellus semper interdum. Mauris ullamcorper purus sit amet nulla. Quisque arcu libero, rutrum ac, lobortis vel, dapibus at, diam.', 12009246818, 99.16);
insert into items (uuid, name, description, barcode, price) values (104, 'Crab Meat Claw Pasteurise', 'Maecenas ut massa quis augue luctus tincidunt. Nulla mollis molestie lorem. Quisque ut erat.', 19888673026, 43.42);
insert into items (uuid, name, description, barcode, price) values (105, 'Appetizer - Assorted Box', 'Etiam vel augue. Vestibulum rutrum rutrum neque. Aenean auctor gravida sem.', 40578104468, 61.17);
insert into items (uuid, name, description, barcode, price) values (106, 'Pear - Packum', 'Nullam porttitor lacus at turpis. Donec posuere metus vitae ipsum. Aliquam non mauris.', 12942042311, 18.59);
insert into items (uuid, name, description, barcode, price) values (107, 'Saskatoon Berries - Frozen', 'In quis justo. Maecenas rhoncus aliquam lacus. Morbi quis tortor id nulla ultrices aliquet.', 31809760212, 25.98);
insert into items (uuid, name, description, barcode, price) values (108, 'Lemonade - Pineapple Passion', 'Nullam sit amet turpis elementum ligula vehicula consequat. Morbi a ipsum. Integer a nibh.', 27389953481, 67.79);
insert into items (uuid, name, description, barcode, price) values (109, 'Table Cloth 81x81 Colour', 'Maecenas tristique, est et tempus semper, est quam pharetra magna, ac consequat metus sapien ut nunc. Vestibulum ante ipsum primis in faucibus orci luctus et ultrices posuere cubilia Curae; Mauris viverra diam vitae quam. Suspendisse potenti.', 36376649941, 72.84);
insert into items (uuid, name, description, barcode, price) values (110, 'Tea - Decaf 1 Cup', 'Duis aliquam convallis nunc. Proin at turpis a pede posuere nonummy. Integer non velit.', 13509960540, 95.15);
insert into items (uuid, name, description, barcode, price) values (111, 'Wine - Guy Sage Touraine', 'Proin eu mi. Nulla ac enim. In tempor, turpis nec euismod scelerisque, quam turpis adipiscing lorem, vitae mattis nibh ligula nec sem.', 94122172160, 58.01);
insert into items (uuid, name, description, barcode, price) values (112, 'Wine - Magnotta, White', 'Duis aliquam convallis nunc. Proin at turpis a pede posuere nonummy. Integer non velit.', 62072838450, 33.0);
insert into items (uuid, name, description, barcode, price) values (113, 'Juice - V8, Tomato', 'Lorem ipsum dolor sit amet, consectetuer adipiscing elit. Proin risus. Praesent lectus.', 54035172375, 41.73);
insert into items (uuid, name, description, barcode, price) values (114, 'Tofu - Firm', 'Morbi non lectus. Aliquam sit amet diam in magna bibendum imperdiet. Nullam orci pede, venenatis non, sodales sed, tincidunt eu, felis.', 24645117471, 77.92);
insert into items (uuid, name, description, barcode, price) values (115, 'Oranges - Navel, 72', 'Praesent blandit. Nam nulla. Integer pede justo, lacinia eget, tincidunt eget, tempus vel, pede.', 94930855935, 78.83);
insert into items (uuid, name, description, barcode, price) values (116, 'Wine - Jackson Triggs Okonagan', 'Morbi non lectus. Aliquam sit amet diam in magna bibendum imperdiet. Nullam orci pede, venenatis non, sodales sed, tincidunt eu, felis.', 41748922509, 46.38);
insert into items (uuid, name, description, barcode, price) values (117, 'Sauce - Chili', 'Curabitur at ipsum ac tellus semper interdum. Mauris ullamcorper purus sit amet nulla. Quisque arcu libero, rutrum ac, lobortis vel, dapibus at, diam.', 24117002382, 61.48);
insert into items (uuid, name, description, barcode, price) values (118, 'Wine - Blue Nun Qualitatswein', 'Phasellus sit amet erat. Nulla tempus. Vivamus in felis eu sapien cursus vestibulum.', 91389679956, 71.12);
insert into items (uuid, name, description, barcode, price) values (119, 'Crackers - Trio', 'Maecenas leo odio, condimentum id, luctus nec, molestie sed, justo. Pellentesque viverra pede ac diam. Cras pellentesque volutpat dui.', 38005331612, 71.54);
insert into items (uuid, name, description, barcode, price) values (120, 'Bagelers - Cinn / Brown', 'Phasellus sit amet erat. Nulla tempus. Vivamus in felis eu sapien cursus vestibulum.', 23040055009, 28.67);
insert into items (uuid, name, description, barcode, price) values (121, 'Tart Shells - Sweet, 3', 'Cras non velit nec nisi vulputate nonummy. Maecenas tincidunt lacus at velit. Vivamus vel nulla eget eros elementum pellentesque.', 25425134488, 73.55);
insert into items (uuid, name, description, barcode, price) values (122, 'Scallops - 20/30', 'Duis aliquam convallis nunc. Proin at turpis a pede posuere nonummy. Integer non velit.', 54428165744, 45.87);
insert into items (uuid, name, description, barcode, price) values (123, 'Wine - Red, Pelee Island Merlot', 'Aenean lectus. Pellentesque eget nunc. Donec quis orci eget orci vehicula condimentum.', 75547234003, 66.37);
insert into items (uuid, name, description, barcode, price) values (124, 'Cup Translucent 9 Oz', 'Pellentesque at nulla. Suspendisse potenti. Cras in purus eu magna vulputate luctus.', 27828153393, 49.3);
insert into items (uuid, name, description, barcode, price) values (125, 'The Pop Shoppe - Black Cherry', 'In quis justo. Maecenas rhoncus aliquam lacus. Morbi quis tortor id nulla ultrices aliquet.', 48783419616, 97.25);
insert into items (uuid, name, description, barcode, price) values (126, 'Wine - Stoneliegh Sauvignon', 'Morbi non lectus. Aliquam sit amet diam in magna bibendum imperdiet. Nullam orci pede, venenatis non, sodales sed, tincidunt eu, felis.', 31317032213, 76.35);
insert into items (uuid, name, description, barcode, price) values (127, 'Garlic', 'Curabitur at ipsum ac tellus semper interdum. Mauris ullamcorper purus sit amet nulla. Quisque arcu libero, rutrum ac, lobortis vel, dapibus at, diam.', 46128061237, 30.27);
insert into items (uuid, name, description, barcode, price) values (128, 'Doilies - 5, Paper', 'Phasellus in felis. Donec semper sapien a libero. Nam dui.', 29149842997, 3.24);
insert into items (uuid, name, description, barcode, price) values (129, 'Nantucket - Pomegranate Pear', 'Duis aliquam convallis nunc. Proin at turpis a pede posuere nonummy. Integer non velit.', 35108478083, 99.49);
insert into items (uuid, name, description, barcode, price) values (130, 'Spice - Onion Powder Granulated', 'Phasellus in felis. Donec semper sapien a libero. Nam dui.', 49621874442, 41.65);
insert into items (uuid, name, description, barcode, price) values (131, 'Lamb - Leg, Bone In', 'Duis bibendum. Morbi non quam nec dui luctus rutrum. Nulla tellus.', 82449127264, 43.63);
insert into items (uuid, name, description, barcode, price) values (132, 'Stock - Veal, Brown', 'Proin leo odio, porttitor id, consequat in, consequat ut, nulla. Sed accumsan felis. Ut at dolor quis odio consequat varius.', 39385090380, 12.61);
insert into items (uuid, name, description, barcode, price) values (133, 'Longos - Chicken Cordon Bleu', 'Duis consequat dui nec nisi volutpat eleifend. Donec ut dolor. Morbi vel lectus in quam fringilla rhoncus.', 37691095237, 22.93);
insert into items (uuid, name, description, barcode, price) values (134, 'Yukon Jack', 'Duis bibendum, felis sed interdum venenatis, turpis enim blandit mi, in porttitor pede justo eu massa. Donec dapibus. Duis at velit eu est congue elementum.', 99290519251, 24.52);
insert into items (uuid, name, description, barcode, price) values (135, 'Zucchini - Yellow', 'Donec diam neque, vestibulum eget, vulputate ut, ultrices vel, augue. Vestibulum ante ipsum primis in faucibus orci luctus et ultrices posuere cubilia Curae; Donec pharetra, magna vestibulum aliquet ultrices, erat tortor sollicitudin mi, sit amet lobortis sapien sapien non mi. Integer ac neque.', 53891732356, 99.14);
insert into items (uuid, name, description, barcode, price) values (136, 'Carroway Seed', 'In hac habitasse platea dictumst. Etiam faucibus cursus urna. Ut tellus.', 80305007930, 74.94);
insert into items (uuid, name, description, barcode, price) values (137, 'Wine - Trimbach Pinot Blanc', 'Proin eu mi. Nulla ac enim. In tempor, turpis nec euismod scelerisque, quam turpis adipiscing lorem, vitae mattis nibh ligula nec sem.', 90354375915, 50.42);
insert into items (uuid, name, description, barcode, price) values (138, 'Mangostein', 'Proin leo odio, porttitor id, consequat in, consequat ut, nulla. Sed accumsan felis. Ut at dolor quis odio consequat varius.', 51955782582, 4.64);
insert into items (uuid, name, description, barcode, price) values (139, 'Sesame Seed Black', 'Integer ac leo. Pellentesque ultrices mattis odio. Donec vitae nisi.', 66829473132, 63.15);
insert into items (uuid, name, description, barcode, price) values (140, 'Wine - Conde De Valdemar', 'Integer tincidunt ante vel ipsum. Praesent blandit lacinia erat. Vestibulum sed magna at nunc commodo placerat.', 31191636853, 91.0);
insert into items (uuid, name, description, barcode, price) values (141, 'Ostrich - Fan Fillet', 'Etiam vel augue. Vestibulum rutrum rutrum neque. Aenean auctor gravida sem.', 72403657023, 56.17);
insert into items (uuid, name, description, barcode, price) values (142, 'Scallops - Live In Shell', 'Quisque id justo sit amet sapien dignissim vestibulum. Vestibulum ante ipsum primis in faucibus orci luctus et ultrices posuere cubilia Curae; Nulla dapibus dolor vel est. Donec odio justo, sollicitudin ut, suscipit a, feugiat et, eros.', 65017790420, 73.73);
insert into items (uuid, name, description, barcode, price) values (143, 'Cinnamon - Stick', 'Integer ac leo. Pellentesque ultrices mattis odio. Donec vitae nisi.', 11613521188, 33.59);
insert into items (uuid, name, description, barcode, price) values (144, 'Wine - Wyndham Estate Bin 777', 'Proin leo odio, porttitor id, consequat in, consequat ut, nulla. Sed accumsan felis. Ut at dolor quis odio consequat varius.', 29187225817, 87.89);
insert into items (uuid, name, description, barcode, price) values (145, 'Skirt - 29 Foot', 'Praesent blandit. Nam nulla. Integer pede justo, lacinia eget, tincidunt eget, tempus vel, pede.', 46582333581, 60.72);
insert into items (uuid, name, description, barcode, price) values (146, 'Soup Campbells Beef With Veg', 'Curabitur at ipsum ac tellus semper interdum. Mauris ullamcorper purus sit amet nulla. Quisque arcu libero, rutrum ac, lobortis vel, dapibus at, diam.', 94302414636, 20.6);
insert into items (uuid, name, description, barcode, price) values (147, 'Muskox - French Rack', 'Lorem ipsum dolor sit amet, consectetuer adipiscing elit. Proin risus. Praesent lectus.', 64673670042, 68.61);
insert into items (uuid, name, description, barcode, price) values (148, 'Blueberries', 'Integer ac leo. Pellentesque ultrices mattis odio. Donec vitae nisi.', 57947227394, 83.72);
insert into items (uuid, name, description, barcode, price) values (149, 'Muffin - Carrot Individual Wrap', 'Nulla ut erat id mauris vulputate elementum. Nullam varius. Nulla facilisi.', 40352271105, 87.53);
insert into items (uuid, name, description, barcode, price) values (150, 'Coffee - Decaffeinato Coffee', 'Suspendisse potenti. In eleifend quam a odio. In hac habitasse platea dictumst.', 62961361483, 71.58);
insert into items (uuid, name, description, barcode, price) values (151, 'Ostrich - Prime Cut', 'Proin interdum mauris non ligula pellentesque ultrices. Phasellus id sapien in sapien iaculis congue. Vivamus metus arcu, adipiscing molestie, hendrerit at, vulputate vitae, nisl.', 19825131478, 96.18);
insert into items (uuid, name, description, barcode, price) values (152, 'Pear - Asian', 'Phasellus in felis. Donec semper sapien a libero. Nam dui.', 56265577523, 64.74);
insert into items (uuid, name, description, barcode, price) values (153, 'Pepper - White, Ground', 'Phasellus sit amet erat. Nulla tempus. Vivamus in felis eu sapien cursus vestibulum.', 52838180681, 93.58);
insert into items (uuid, name, description, barcode, price) values (154, 'Apple - Fuji', 'Sed sagittis. Nam congue, risus semper porta volutpat, quam pede lobortis ligula, sit amet eleifend pede libero quis orci. Nullam molestie nibh in lectus.', 89137814629, 25.45);
insert into items (uuid, name, description, barcode, price) values (155, 'Pie Shells 10', 'Curabitur in libero ut massa volutpat convallis. Morbi odio odio, elementum eu, interdum eu, tincidunt in, leo. Maecenas pulvinar lobortis est.', 12372939763, 23.07);
insert into items (uuid, name, description, barcode, price) values (156, 'Icecream Cone - Areo Chocolate', 'Cras non velit nec nisi vulputate nonummy. Maecenas tincidunt lacus at velit. Vivamus vel nulla eget eros elementum pellentesque.', 40673650599, 98.5);
insert into items (uuid, name, description, barcode, price) values (157, 'Dill Weed - Dry', 'Cras mi pede, malesuada in, imperdiet et, commodo vulputate, justo. In blandit ultrices enim. Lorem ipsum dolor sit amet, consectetuer adipiscing elit.', 27085368965, 11.85);
insert into items (uuid, name, description, barcode, price) values (158, 'Ham - Virginia', 'In sagittis dui vel nisl. Duis ac nibh. Fusce lacus purus, aliquet at, feugiat non, pretium quis, lectus.', 81782629057, 11.51);
insert into items (uuid, name, description, barcode, price) values (159, 'Beer - Sleeman Fine Porter', 'Integer tincidunt ante vel ipsum. Praesent blandit lacinia erat. Vestibulum sed magna at nunc commodo placerat.', 31736356891, 16.43);
insert into items (uuid, name, description, barcode, price) values (160, 'Pasta - Agnolotti - Butternut', 'Curabitur at ipsum ac tellus semper interdum. Mauris ullamcorper purus sit amet nulla. Quisque arcu libero, rutrum ac, lobortis vel, dapibus at, diam.', 51380456860, 98.98);
insert into items (uuid, name, description, barcode, price) values (161, 'Cabbage - Green', 'Proin eu mi. Nulla ac enim. In tempor, turpis nec euismod scelerisque, quam turpis adipiscing lorem, vitae mattis nibh ligula nec sem.', 23871299402, 81.11);
insert into items (uuid, name, description, barcode, price) values (162, 'Chicken - Whole Roasting', 'Suspendisse potenti. In eleifend quam a odio. In hac habitasse platea dictumst.', 86852944928, 19.25);
insert into items (uuid, name, description, barcode, price) values (163, 'Wine - Lou Black Shiraz', 'Proin leo odio, porttitor id, consequat in, consequat ut, nulla. Sed accumsan felis. Ut at dolor quis odio consequat varius.', 74155451025, 91.91);
insert into items (uuid, name, description, barcode, price) values (164, 'Lemonade - Pineapple Passion', 'Pellentesque at nulla. Suspendisse potenti. Cras in purus eu magna vulputate luctus.', 63860804915, 20.48);
insert into items (uuid, name, description, barcode, price) values (165, 'Mushroom - Shitake, Fresh', 'Maecenas tristique, est et tempus semper, est quam pharetra magna, ac consequat metus sapien ut nunc. Vestibulum ante ipsum primis in faucibus orci luctus et ultrices posuere cubilia Curae; Mauris viverra diam vitae quam. Suspendisse potenti.', 63568596468, 18.19);
insert into items (uuid, name, description, barcode, price) values (166, 'Cheese - Boursin, Garlic / Herbs', 'Praesent id massa id nisl venenatis lacinia. Aenean sit amet justo. Morbi ut odio.', 27717584171, 87.8);
insert into items (uuid, name, description, barcode, price) values (167, 'Bread - French Stick', 'Curabitur in libero ut massa volutpat convallis. Morbi odio odio, elementum eu, interdum eu, tincidunt in, leo. Maecenas pulvinar lobortis est.', 97086762115, 38.23);
insert into items (uuid, name, description, barcode, price) values (168, 'Cheese - Goat With Herbs', 'Duis bibendum. Morbi non quam nec dui luctus rutrum. Nulla tellus.', 76628661587, 55.09);
insert into items (uuid, name, description, barcode, price) values (169, 'Bread - Rolls, Corn', 'In congue. Etiam justo. Etiam pretium iaculis justo.', 38562220707, 14.61);
insert into items (uuid, name, description, barcode, price) values (170, 'Pasta - Angel Hair', 'Aliquam quis turpis eget elit sodales scelerisque. Mauris sit amet eros. Suspendisse accumsan tortor quis turpis.', 89648276867, 45.92);
insert into items (uuid, name, description, barcode, price) values (171, 'Apple - Granny Smith', 'Praesent id massa id nisl venenatis lacinia. Aenean sit amet justo. Morbi ut odio.', 11760733768, 87.25);
insert into items (uuid, name, description, barcode, price) values (172, 'Jameson Irish Whiskey', 'Vestibulum ac est lacinia nisi venenatis tristique. Fusce congue, diam id ornare imperdiet, sapien urna pretium nisl, ut volutpat sapien arcu sed augue. Aliquam erat volutpat.', 74696442881, 38.26);
insert into items (uuid, name, description, barcode, price) values (173, 'Wine - Sogrape Mateus Rose', 'Sed ante. Vivamus tortor. Duis mattis egestas metus.', 12631304194, 3.38);
insert into items (uuid, name, description, barcode, price) values (174, 'Appetizer - Lobster Phyllo Roll', 'In sagittis dui vel nisl. Duis ac nibh. Fusce lacus purus, aliquet at, feugiat non, pretium quis, lectus.', 79755101390, 55.1);
insert into items (uuid, name, description, barcode, price) values (175, 'Flower - Leather Leaf Fern', 'Maecenas leo odio, condimentum id, luctus nec, molestie sed, justo. Pellentesque viverra pede ac diam. Cras pellentesque volutpat dui.', 30533444655, 93.61);
insert into items (uuid, name, description, barcode, price) values (176, 'Tart - Pecan Butter Squares', 'Proin leo odio, porttitor id, consequat in, consequat ut, nulla. Sed accumsan felis. Ut at dolor quis odio consequat varius.', 70736793825, 82.18);
insert into items (uuid, name, description, barcode, price) values (177, 'Chicken - Whole', 'Sed sagittis. Nam congue, risus semper porta volutpat, quam pede lobortis ligula, sit amet eleifend pede libero quis orci. Nullam molestie nibh in lectus.', 57041097429, 88.2);
insert into items (uuid, name, description, barcode, price) values (178, 'Capers - Ox Eye Daisy', 'In hac habitasse platea dictumst. Etiam faucibus cursus urna. Ut tellus.', 71859062919, 41.57);
insert into items (uuid, name, description, barcode, price) values (179, 'Salad Dressing', 'Integer ac leo. Pellentesque ultrices mattis odio. Donec vitae nisi.', 34138489444, 73.08);
insert into items (uuid, name, description, barcode, price) values (180, 'Sprouts - Brussel', 'In hac habitasse platea dictumst. Etiam faucibus cursus urna. Ut tellus.', 21464765884, 64.76);
insert into items (uuid, name, description, barcode, price) values (181, 'Curry Paste - Green Masala', 'Cum sociis natoque penatibus et magnis dis parturient montes, nascetur ridiculus mus. Vivamus vestibulum sagittis sapien. Cum sociis natoque penatibus et magnis dis parturient montes, nascetur ridiculus mus.', 47546050162, 63.91);
insert into items (uuid, name, description, barcode, price) values (182, 'Kaffir Lime Leaves', 'Sed sagittis. Nam congue, risus semper porta volutpat, quam pede lobortis ligula, sit amet eleifend pede libero quis orci. Nullam molestie nibh in lectus.', 56821623100, 48.94);
insert into items (uuid, name, description, barcode, price) values (183, 'Oil - Pumpkinseed', 'Vestibulum ac est lacinia nisi venenatis tristique. Fusce congue, diam id ornare imperdiet, sapien urna pretium nisl, ut volutpat sapien arcu sed augue. Aliquam erat volutpat.', 34185754080, 97.17);
insert into items (uuid, name, description, barcode, price) values (184, 'Sorrel - Fresh', 'Suspendisse potenti. In eleifend quam a odio. In hac habitasse platea dictumst.', 79763195891, 81.68);
insert into items (uuid, name, description, barcode, price) values (185, 'Muffin - Carrot Individual Wrap', 'Fusce consequat. Nulla nisl. Nunc nisl.', 49295950858, 79.31);
insert into items (uuid, name, description, barcode, price) values (186, 'Vinegar - Balsamic, White', 'Lorem ipsum dolor sit amet, consectetuer adipiscing elit. Proin risus. Praesent lectus.', 52234075243, 86.81);
insert into items (uuid, name, description, barcode, price) values (187, 'Pasta - Cappellini, Dry', 'Nam ultrices, libero non mattis pulvinar, nulla pede ullamcorper augue, a suscipit nulla elit ac nulla. Sed vel enim sit amet nunc viverra dapibus. Nulla suscipit ligula in lacus.', 78843534633, 44.53);
insert into items (uuid, name, description, barcode, price) values (188, 'Tuna - Loin', 'In hac habitasse platea dictumst. Etiam faucibus cursus urna. Ut tellus.', 69814303059, 12.83);
insert into items (uuid, name, description, barcode, price) values (189, 'Shopper Bag - S - 4', 'Phasellus sit amet erat. Nulla tempus. Vivamus in felis eu sapien cursus vestibulum.', 93485845181, 66.54);
insert into items (uuid, name, description, barcode, price) values (190, 'Chicken - Leg / Back Attach', 'Proin eu mi. Nulla ac enim. In tempor, turpis nec euismod scelerisque, quam turpis adipiscing lorem, vitae mattis nibh ligula nec sem.', 36313163817, 44.94);
insert into items (uuid, name, description, barcode, price) values (191, 'Cheese - Stilton', 'Phasellus sit amet erat. Nulla tempus. Vivamus in felis eu sapien cursus vestibulum.', 24086434152, 60.04);
insert into items (uuid, name, description, barcode, price) values (192, 'Bread - Assorted Rolls', 'Fusce consequat. Nulla nisl. Nunc nisl.', 97248419543, 89.07);
insert into items (uuid, name, description, barcode, price) values (193, 'Cheese - Goat', 'Morbi porttitor lorem id ligula. Suspendisse ornare consequat lectus. In est risus, auctor sed, tristique in, tempus sit amet, sem.', 20051635858, 79.8);
insert into items (uuid, name, description, barcode, price) values (194, 'Apple - Macintosh', 'Aenean fermentum. Donec ut mauris eget massa tempor convallis. Nulla neque libero, convallis eget, eleifend luctus, ultricies eu, nibh.', 13914907318, 84.87);
insert into items (uuid, name, description, barcode, price) values (195, 'Versatainer Nc - 8288', 'In hac habitasse platea dictumst. Etiam faucibus cursus urna. Ut tellus.', 33758767620, 15.76);
insert into items (uuid, name, description, barcode, price) values (196, 'Shrimp - Black Tiger 26/30', 'Curabitur in libero ut massa volutpat convallis. Morbi odio odio, elementum eu, interdum eu, tincidunt in, leo. Maecenas pulvinar lobortis est.', 68247774721, 45.7);
insert into items (uuid, name, description, barcode, price) values (197, 'French Kiss Vanilla', 'Suspendisse potenti. In eleifend quam a odio. In hac habitasse platea dictumst.', 93520170495, 99.49);
insert into items (uuid, name, description, barcode, price) values (198, 'Lettuce - Frisee', 'Fusce posuere felis sed lacus. Morbi sem mauris, laoreet ut, rhoncus aliquet, pulvinar sed, nisl. Nunc rhoncus dui vel sem.', 30516468260, 34.55);
insert into items (uuid, name, description, barcode, price) values (199, 'Flower - Leather Leaf Fern', 'In congue. Etiam justo. Etiam pretium iaculis justo.', 92484630040, 80.01);
insert into items (uuid, name, description, barcode, price) values (200, 'Ice Cream - Super Sandwich', 'In hac habitasse platea dictumst. Morbi vestibulum, velit id pretium iaculis, diam erat fermentum justo, nec condimentum neque sapien placerat ante. Nulla justo.', 81457103240, 84.85);
insert into items (uuid, name, description, barcode, price) values (201, 'Couscous', 'Fusce posuere felis sed lacus. Morbi sem mauris, laoreet ut, rhoncus aliquet, pulvinar sed, nisl. Nunc rhoncus dui vel sem.', 33494071588, 16.25);
insert into items (uuid, name, description, barcode, price) values (202, 'Wine - Montecillo Rioja Crianza', 'Curabitur in libero ut massa volutpat convallis. Morbi odio odio, elementum eu, interdum eu, tincidunt in, leo. Maecenas pulvinar lobortis est.', 61760229718, 37.59);
insert into items (uuid, name, description, barcode, price) values (203, 'Corn Shoots', 'In hac habitasse platea dictumst. Morbi vestibulum, velit id pretium iaculis, diam erat fermentum justo, nec condimentum neque sapien placerat ante. Nulla justo.', 35357421760, 29.54);
insert into items (uuid, name, description, barcode, price) values (204, 'Cheese - Havarti, Salsa', 'Nullam porttitor lacus at turpis. Donec posuere metus vitae ipsum. Aliquam non mauris.', 79796011706, 48.24);
insert into items (uuid, name, description, barcode, price) values (205, 'Wild Boar - Tenderloin', 'Proin eu mi. Nulla ac enim. In tempor, turpis nec euismod scelerisque, quam turpis adipiscing lorem, vitae mattis nibh ligula nec sem.', 63219370209, 96.34);
insert into items (uuid, name, description, barcode, price) values (206, 'Wine - Conde De Valdemar', 'Proin eu mi. Nulla ac enim. In tempor, turpis nec euismod scelerisque, quam turpis adipiscing lorem, vitae mattis nibh ligula nec sem.', 48803368307, 58.32);
insert into items (uuid, name, description, barcode, price) values (207, 'Rosemary - Fresh', 'Nam ultrices, libero non mattis pulvinar, nulla pede ullamcorper augue, a suscipit nulla elit ac nulla. Sed vel enim sit amet nunc viverra dapibus. Nulla suscipit ligula in lacus.', 25586707623, 28.94);
insert into items (uuid, name, description, barcode, price) values (208, 'Parsley Italian - Fresh', 'In congue. Etiam justo. Etiam pretium iaculis justo.', 26876672422, 91.63);
insert into items (uuid, name, description, barcode, price) values (209, 'Pepper - Chipotle, Canned', 'Proin interdum mauris non ligula pellentesque ultrices. Phasellus id sapien in sapien iaculis congue. Vivamus metus arcu, adipiscing molestie, hendrerit at, vulputate vitae, nisl.', 10016844870, 61.86);
insert into items (uuid, name, description, barcode, price) values (210, 'Veal - Ground', 'Duis consequat dui nec nisi volutpat eleifend. Donec ut dolor. Morbi vel lectus in quam fringilla rhoncus.', 17093264988, 4.59);
insert into items (uuid, name, description, barcode, price) values (211, 'Melon - Cantaloupe', 'Maecenas tristique, est et tempus semper, est quam pharetra magna, ac consequat metus sapien ut nunc. Vestibulum ante ipsum primis in faucibus orci luctus et ultrices posuere cubilia Curae; Mauris viverra diam vitae quam. Suspendisse potenti.', 97363472460, 93.75);
insert into items (uuid, name, description, barcode, price) values (212, 'Pasta - Elbows, Macaroni, Dry', 'Aenean fermentum. Donec ut mauris eget massa tempor convallis. Nulla neque libero, convallis eget, eleifend luctus, ultricies eu, nibh.', 17519019026, 18.98);
insert into items (uuid, name, description, barcode, price) values (213, 'Radish - Pickled', 'Maecenas ut massa quis augue luctus tincidunt. Nulla mollis molestie lorem. Quisque ut erat.', 28390101255, 39.61);
insert into items (uuid, name, description, barcode, price) values (214, 'Crab - Back Fin Meat, Canned', 'Fusce consequat. Nulla nisl. Nunc nisl.', 80108846878, 15.16);
insert into items (uuid, name, description, barcode, price) values (215, 'Rabbit - Whole', 'Praesent blandit. Nam nulla. Integer pede justo, lacinia eget, tincidunt eget, tempus vel, pede.', 16161692221, 68.0);
insert into items (uuid, name, description, barcode, price) values (216, 'Garlic - Primerba, Paste', 'Fusce posuere felis sed lacus. Morbi sem mauris, laoreet ut, rhoncus aliquet, pulvinar sed, nisl. Nunc rhoncus dui vel sem.', 15618003321, 58.71);
insert into items (uuid, name, description, barcode, price) values (217, 'Ham - Black Forest', 'Duis aliquam convallis nunc. Proin at turpis a pede posuere nonummy. Integer non velit.', 37240892126, 36.48);
insert into items (uuid, name, description, barcode, price) values (218, 'Bay Leaf Ground', 'Cum sociis natoque penatibus et magnis dis parturient montes, nascetur ridiculus mus. Vivamus vestibulum sagittis sapien. Cum sociis natoque penatibus et magnis dis parturient montes, nascetur ridiculus mus.', 70458321199, 92.75);
insert into items (uuid, name, description, barcode, price) values (219, 'Appetizer - Escargot Puff', 'Proin interdum mauris non ligula pellentesque ultrices. Phasellus id sapien in sapien iaculis congue. Vivamus metus arcu, adipiscing molestie, hendrerit at, vulputate vitae, nisl.', 71210942542, 39.26);
insert into items (uuid, name, description, barcode, price) values (220, 'Wine - Red, Mouton Cadet', 'Vestibulum quam sapien, varius ut, blandit non, interdum in, ante. Vestibulum ante ipsum primis in faucibus orci luctus et ultrices posuere cubilia Curae; Duis faucibus accumsan odio. Curabitur convallis.', 32695962695, 37.5);
insert into items (uuid, name, description, barcode, price) values (221, 'Capers - Ox Eye Daisy', 'Proin eu mi. Nulla ac enim. In tempor, turpis nec euismod scelerisque, quam turpis adipiscing lorem, vitae mattis nibh ligula nec sem.', 28309648019, 98.34);
insert into items (uuid, name, description, barcode, price) values (222, 'Artichoke - Fresh', 'Cum sociis natoque penatibus et magnis dis parturient montes, nascetur ridiculus mus. Vivamus vestibulum sagittis sapien. Cum sociis natoque penatibus et magnis dis parturient montes, nascetur ridiculus mus.', 59470942869, 8.72);
insert into items (uuid, name, description, barcode, price) values (223, 'Wine - German Riesling', 'Cras mi pede, malesuada in, imperdiet et, commodo vulputate, justo. In blandit ultrices enim. Lorem ipsum dolor sit amet, consectetuer adipiscing elit.', 57911094883, 11.09);
insert into items (uuid, name, description, barcode, price) values (224, 'Cardamon Seed / Pod', 'Integer ac leo. Pellentesque ultrices mattis odio. Donec vitae nisi.', 35294818657, 92.13);
insert into items (uuid, name, description, barcode, price) values (225, 'Steampan - Foil', 'Nullam sit amet turpis elementum ligula vehicula consequat. Morbi a ipsum. Integer a nibh.', 49122805378, 61.8);
insert into items (uuid, name, description, barcode, price) values (226, 'Wine - Touraine Azay - Le - Rideau', 'Mauris enim leo, rhoncus sed, vestibulum sit amet, cursus id, turpis. Integer aliquet, massa id lobortis convallis, tortor risus dapibus augue, vel accumsan tellus nisi eu orci. Mauris lacinia sapien quis libero.', 70013285827, 95.27);
insert into items (uuid, name, description, barcode, price) values (227, 'Milk - Chocolate 250 Ml', 'Mauris enim leo, rhoncus sed, vestibulum sit amet, cursus id, turpis. Integer aliquet, massa id lobortis convallis, tortor risus dapibus augue, vel accumsan tellus nisi eu orci. Mauris lacinia sapien quis libero.', 55203711074, 61.73);
insert into items (uuid, name, description, barcode, price) values (228, 'Ham - Cooked Bayonne Tinned', 'Integer ac leo. Pellentesque ultrices mattis odio. Donec vitae nisi.', 59298425949, 16.56);
insert into items (uuid, name, description, barcode, price) values (229, 'Beer - Sleemans Cream Ale', 'Pellentesque at nulla. Suspendisse potenti. Cras in purus eu magna vulputate luctus.', 62548292166, 50.41);
insert into items (uuid, name, description, barcode, price) values (230, 'Salt - Kosher', 'Aenean fermentum. Donec ut mauris eget massa tempor convallis. Nulla neque libero, convallis eget, eleifend luctus, ultricies eu, nibh.', 51948239116, 14.47);
insert into items (uuid, name, description, barcode, price) values (231, 'Foil Cont Round', 'Nam ultrices, libero non mattis pulvinar, nulla pede ullamcorper augue, a suscipit nulla elit ac nulla. Sed vel enim sit amet nunc viverra dapibus. Nulla suscipit ligula in lacus.', 52654047655, 97.98);
insert into items (uuid, name, description, barcode, price) values (232, 'Mushroom - Trumpet, Dry', 'Quisque porta volutpat erat. Quisque erat eros, viverra eget, congue eget, semper rutrum, nulla. Nunc purus.', 35903916719, 86.69);
insert into items (uuid, name, description, barcode, price) values (233, 'Muffin - Mix - Strawberry Rhubarb', 'Cum sociis natoque penatibus et magnis dis parturient montes, nascetur ridiculus mus. Vivamus vestibulum sagittis sapien. Cum sociis natoque penatibus et magnis dis parturient montes, nascetur ridiculus mus.', 74042358449, 1.5);
insert into items (uuid, name, description, barcode, price) values (234, 'Beans - Fava Fresh', 'Phasellus in felis. Donec semper sapien a libero. Nam dui.', 97948054082, 81.03);
insert into items (uuid, name, description, barcode, price) values (235, 'Wine - Rubyport', 'Morbi porttitor lorem id ligula. Suspendisse ornare consequat lectus. In est risus, auctor sed, tristique in, tempus sit amet, sem.', 22630962667, 31.6);
insert into items (uuid, name, description, barcode, price) values (236, 'Pepper - Green Thai', 'Vestibulum ac est lacinia nisi venenatis tristique. Fusce congue, diam id ornare imperdiet, sapien urna pretium nisl, ut volutpat sapien arcu sed augue. Aliquam erat volutpat.', 42227222940, 59.45);
insert into items (uuid, name, description, barcode, price) values (237, 'Spice - Chili Powder Mexican', 'Duis bibendum, felis sed interdum venenatis, turpis enim blandit mi, in porttitor pede justo eu massa. Donec dapibus. Duis at velit eu est congue elementum.', 99513724115, 16.4);
insert into items (uuid, name, description, barcode, price) values (238, 'Coffee - Frthy Coffee Crisp', 'Quisque id justo sit amet sapien dignissim vestibulum. Vestibulum ante ipsum primis in faucibus orci luctus et ultrices posuere cubilia Curae; Nulla dapibus dolor vel est. Donec odio justo, sollicitudin ut, suscipit a, feugiat et, eros.', 56240485784, 42.68);
insert into items (uuid, name, description, barcode, price) values (239, 'Papadam', 'Suspendisse potenti. In eleifend quam a odio. In hac habitasse platea dictumst.', 30547861766, 57.46);
insert into items (uuid, name, description, barcode, price) values (240, 'Coffee Guatemala Dark', 'Proin eu mi. Nulla ac enim. In tempor, turpis nec euismod scelerisque, quam turpis adipiscing lorem, vitae mattis nibh ligula nec sem.', 23010152456, 60.11);
insert into items (uuid, name, description, barcode, price) values (241, 'Melon - Cantaloupe', 'In hac habitasse platea dictumst. Morbi vestibulum, velit id pretium iaculis, diam erat fermentum justo, nec condimentum neque sapien placerat ante. Nulla justo.', 53234958056, 9.37);
insert into items (uuid, name, description, barcode, price) values (242, 'Milk - Skim', 'Phasellus sit amet erat. Nulla tempus. Vivamus in felis eu sapien cursus vestibulum.', 66710922545, 74.39);
insert into items (uuid, name, description, barcode, price) values (243, 'Cod - Black Whole Fillet', 'Praesent id massa id nisl venenatis lacinia. Aenean sit amet justo. Morbi ut odio.', 78900241087, 7.14);
insert into items (uuid, name, description, barcode, price) values (244, 'Lettuce - Lambs Mash', 'Duis aliquam convallis nunc. Proin at turpis a pede posuere nonummy. Integer non velit.', 44827086188, 51.97);
insert into items (uuid, name, description, barcode, price) values (245, 'Bread - Rolls, Rye', 'Duis consequat dui nec nisi volutpat eleifend. Donec ut dolor. Morbi vel lectus in quam fringilla rhoncus.', 73604254540, 40.3);
insert into items (uuid, name, description, barcode, price) values (246, 'Juice - V8, Tomato', 'Nulla ut erat id mauris vulputate elementum. Nullam varius. Nulla facilisi.', 88158954990, 63.78);
insert into items (uuid, name, description, barcode, price) values (247, 'Pork - Sausage, Medium', 'Nullam porttitor lacus at turpis. Donec posuere metus vitae ipsum. Aliquam non mauris.', 76139812538, 37.16);
insert into items (uuid, name, description, barcode, price) values (248, 'Beef - Top Sirloin - Aaa', 'Aliquam quis turpis eget elit sodales scelerisque. Mauris sit amet eros. Suspendisse accumsan tortor quis turpis.', 89215677242, 44.45);
insert into items (uuid, name, description, barcode, price) values (249, 'Mussels - Cultivated', 'Cras non velit nec nisi vulputate nonummy. Maecenas tincidunt lacus at velit. Vivamus vel nulla eget eros elementum pellentesque.', 91480359511, 91.52);
insert into items (uuid, name, description, barcode, price) values (250, 'Cookies - Amaretto', 'Fusce consequat. Nulla nisl. Nunc nisl.', 52668778718, 93.28);
insert into items (uuid, name, description, barcode, price) values (251, 'Champagne - Brights, Dry', 'Integer ac leo. Pellentesque ultrices mattis odio. Donec vitae nisi.', 80821149932, 67.84);
insert into items (uuid, name, description, barcode, price) values (252, 'Cheese - Feta', 'Quisque id justo sit amet sapien dignissim vestibulum. Vestibulum ante ipsum primis in faucibus orci luctus et ultrices posuere cubilia Curae; Nulla dapibus dolor vel est. Donec odio justo, sollicitudin ut, suscipit a, feugiat et, eros.', 72564095720, 21.31);
insert into items (uuid, name, description, barcode, price) values (253, 'Wine - Cahors Ac 2000, Clos', 'Nulla ut erat id mauris vulputate elementum. Nullam varius. Nulla facilisi.', 90974570096, 39.88);
insert into items (uuid, name, description, barcode, price) values (254, 'Lettuce - California Mix', 'Donec diam neque, vestibulum eget, vulputate ut, ultrices vel, augue. Vestibulum ante ipsum primis in faucibus orci luctus et ultrices posuere cubilia Curae; Donec pharetra, magna vestibulum aliquet ultrices, erat tortor sollicitudin mi, sit amet lobortis sapien sapien non mi. Integer ac neque.', 34144685821, 85.95);
insert into items (uuid, name, description, barcode, price) values (255, 'Cinnamon - Ground', 'Duis bibendum. Morbi non quam nec dui luctus rutrum. Nulla tellus.', 77472015413, 6.66);
insert into items (uuid, name, description, barcode, price) values (256, 'Ecolab - Medallion', 'Aliquam quis turpis eget elit sodales scelerisque. Mauris sit amet eros. Suspendisse accumsan tortor quis turpis.', 75368953524, 66.04);
insert into items (uuid, name, description, barcode, price) values (257, 'Sauce - Apple, Unsweetened', 'Maecenas tristique, est et tempus semper, est quam pharetra magna, ac consequat metus sapien ut nunc. Vestibulum ante ipsum primis in faucibus orci luctus et ultrices posuere cubilia Curae; Mauris viverra diam vitae quam. Suspendisse potenti.', 30537281341, 20.59);
insert into items (uuid, name, description, barcode, price) values (258, 'Mushroom - King Eryingii', 'In sagittis dui vel nisl. Duis ac nibh. Fusce lacus purus, aliquet at, feugiat non, pretium quis, lectus.', 19940849517, 6.58);
insert into items (uuid, name, description, barcode, price) values (259, 'Noodles - Cellophane, Thin', 'Cras non velit nec nisi vulputate nonummy. Maecenas tincidunt lacus at velit. Vivamus vel nulla eget eros elementum pellentesque.', 42690756412, 49.77);
insert into items (uuid, name, description, barcode, price) values (260, 'Red Snapper - Fresh, Whole', 'Fusce consequat. Nulla nisl. Nunc nisl.', 36927027402, 67.23);
insert into items (uuid, name, description, barcode, price) values (261, 'Hand Towel', 'Quisque id justo sit amet sapien dignissim vestibulum. Vestibulum ante ipsum primis in faucibus orci luctus et ultrices posuere cubilia Curae; Nulla dapibus dolor vel est. Donec odio justo, sollicitudin ut, suscipit a, feugiat et, eros.', 44389235516, 53.42);
insert into items (uuid, name, description, barcode, price) values (262, 'Baking Soda', 'In hac habitasse platea dictumst. Etiam faucibus cursus urna. Ut tellus.', 34685787023, 53.71);
insert into items (uuid, name, description, barcode, price) values (263, 'Vermouth - White, Cinzano', 'Nullam porttitor lacus at turpis. Donec posuere metus vitae ipsum. Aliquam non mauris.', 22268023654, 78.02);
insert into items (uuid, name, description, barcode, price) values (264, 'Rice - 7 Grain Blend', 'Nam ultrices, libero non mattis pulvinar, nulla pede ullamcorper augue, a suscipit nulla elit ac nulla. Sed vel enim sit amet nunc viverra dapibus. Nulla suscipit ligula in lacus.', 72274733879, 99.85);
insert into items (uuid, name, description, barcode, price) values (265, 'Food Colouring - Pink', 'Duis bibendum. Morbi non quam nec dui luctus rutrum. Nulla tellus.', 18665234518, 87.24);
insert into items (uuid, name, description, barcode, price) values (266, 'Nut - Pumpkin Seeds', 'Quisque id justo sit amet sapien dignissim vestibulum. Vestibulum ante ipsum primis in faucibus orci luctus et ultrices posuere cubilia Curae; Nulla dapibus dolor vel est. Donec odio justo, sollicitudin ut, suscipit a, feugiat et, eros.', 31303070092, 31.7);
insert into items (uuid, name, description, barcode, price) values (267, 'Wine - Crozes Hermitage E.', 'Morbi non lectus. Aliquam sit amet diam in magna bibendum imperdiet. Nullam orci pede, venenatis non, sodales sed, tincidunt eu, felis.', 44460944803, 10.66);
insert into items (uuid, name, description, barcode, price) values (268, 'Bonito Flakes - Toku Katsuo', 'In quis justo. Maecenas rhoncus aliquam lacus. Morbi quis tortor id nulla ultrices aliquet.', 57700670304, 39.83);
insert into items (uuid, name, description, barcode, price) values (269, 'Cheese - Boursin, Garlic / Herbs', 'Praesent id massa id nisl venenatis lacinia. Aenean sit amet justo. Morbi ut odio.', 39704421355, 42.93);
insert into items (uuid, name, description, barcode, price) values (270, 'Vaccum Bag - 14x20', 'Donec diam neque, vestibulum eget, vulputate ut, ultrices vel, augue. Vestibulum ante ipsum primis in faucibus orci luctus et ultrices posuere cubilia Curae; Donec pharetra, magna vestibulum aliquet ultrices, erat tortor sollicitudin mi, sit amet lobortis sapien sapien non mi. Integer ac neque.', 84445262422, 65.26);
insert into items (uuid, name, description, barcode, price) values (271, 'Carroway Seed', 'Morbi porttitor lorem id ligula. Suspendisse ornare consequat lectus. In est risus, auctor sed, tristique in, tempus sit amet, sem.', 81597601797, 5.7);
insert into items (uuid, name, description, barcode, price) values (272, 'Pasta - Rotini, Dry', 'In sagittis dui vel nisl. Duis ac nibh. Fusce lacus purus, aliquet at, feugiat non, pretium quis, lectus.', 84557437320, 77.74);
insert into items (uuid, name, description, barcode, price) values (273, 'Foil Cont Round', 'Duis aliquam convallis nunc. Proin at turpis a pede posuere nonummy. Integer non velit.', 67712450540, 40.99);
insert into items (uuid, name, description, barcode, price) values (274, 'Mikes Hard Lemonade', 'Nam ultrices, libero non mattis pulvinar, nulla pede ullamcorper augue, a suscipit nulla elit ac nulla. Sed vel enim sit amet nunc viverra dapibus. Nulla suscipit ligula in lacus.', 99991661667, 69.63);
insert into items (uuid, name, description, barcode, price) values (275, 'Wine - Red, Mouton Cadet', 'Integer tincidunt ante vel ipsum. Praesent blandit lacinia erat. Vestibulum sed magna at nunc commodo placerat.', 75887111694, 5.78);
insert into items (uuid, name, description, barcode, price) values (276, 'Bread - White, Unsliced', 'Lorem ipsum dolor sit amet, consectetuer adipiscing elit. Proin risus. Praesent lectus.', 74529966214, 20.83);
insert into items (uuid, name, description, barcode, price) values (277, 'Pants Custom Dry Clean', 'Cras non velit nec nisi vulputate nonummy. Maecenas tincidunt lacus at velit. Vivamus vel nulla eget eros elementum pellentesque.', 19988684000, 47.52);
insert into items (uuid, name, description, barcode, price) values (278, 'Beef - Striploin', 'Curabitur in libero ut massa volutpat convallis. Morbi odio odio, elementum eu, interdum eu, tincidunt in, leo. Maecenas pulvinar lobortis est.', 20109536881, 90.14);
insert into items (uuid, name, description, barcode, price) values (279, 'Wine - Acient Coast Caberne', 'Duis aliquam convallis nunc. Proin at turpis a pede posuere nonummy. Integer non velit.', 14069217913, 20.57);
insert into items (uuid, name, description, barcode, price) values (280, 'Cocoa Powder - Natural', 'Integer tincidunt ante vel ipsum. Praesent blandit lacinia erat. Vestibulum sed magna at nunc commodo placerat.', 99704617425, 40.3);
insert into items (uuid, name, description, barcode, price) values (281, 'Egg - Salad Premix', 'In quis justo. Maecenas rhoncus aliquam lacus. Morbi quis tortor id nulla ultrices aliquet.', 33141538088, 3.68);
insert into items (uuid, name, description, barcode, price) values (282, 'Maple Syrup', 'Maecenas leo odio, condimentum id, luctus nec, molestie sed, justo. Pellentesque viverra pede ac diam. Cras pellentesque volutpat dui.', 59721095806, 57.35);
insert into items (uuid, name, description, barcode, price) values (283, 'V8 - Tropical Blend', 'Maecenas leo odio, condimentum id, luctus nec, molestie sed, justo. Pellentesque viverra pede ac diam. Cras pellentesque volutpat dui.', 66509433507, 94.84);
insert into items (uuid, name, description, barcode, price) values (284, 'Appetizer - Crab And Brie', 'Nam ultrices, libero non mattis pulvinar, nulla pede ullamcorper augue, a suscipit nulla elit ac nulla. Sed vel enim sit amet nunc viverra dapibus. Nulla suscipit ligula in lacus.', 73319852055, 86.25);
insert into items (uuid, name, description, barcode, price) values (285, 'Apple - Delicious, Golden', 'Maecenas leo odio, condimentum id, luctus nec, molestie sed, justo. Pellentesque viverra pede ac diam. Cras pellentesque volutpat dui.', 61255520203, 60.52);
insert into items (uuid, name, description, barcode, price) values (286, 'Cheese - Pont Couvert', 'Aenean lectus. Pellentesque eget nunc. Donec quis orci eget orci vehicula condimentum.', 79989114876, 40.58);
insert into items (uuid, name, description, barcode, price) values (287, 'Bread - Pain Au Liat X12', 'Suspendisse potenti. In eleifend quam a odio. In hac habitasse platea dictumst.', 56432101326, 40.71);
insert into items (uuid, name, description, barcode, price) values (288, 'Lettuce - Spring Mix', 'Nullam porttitor lacus at turpis. Donec posuere metus vitae ipsum. Aliquam non mauris.', 70274564069, 2.83);
insert into items (uuid, name, description, barcode, price) values (289, 'Vinegar - Rice', 'Fusce consequat. Nulla nisl. Nunc nisl.', 10282193404, 24.65);
insert into items (uuid, name, description, barcode, price) values (290, 'Lid - Translucent, 3.5 And 6 Oz', 'Maecenas ut massa quis augue luctus tincidunt. Nulla mollis molestie lorem. Quisque ut erat.', 11736706615, 86.41);
insert into items (uuid, name, description, barcode, price) values (291, 'Melon - Watermelon Yellow', 'Fusce posuere felis sed lacus. Morbi sem mauris, laoreet ut, rhoncus aliquet, pulvinar sed, nisl. Nunc rhoncus dui vel sem.', 85696956691, 94.55);
insert into items (uuid, name, description, barcode, price) values (292, 'Beer - Heinekin', 'Sed sagittis. Nam congue, risus semper porta volutpat, quam pede lobortis ligula, sit amet eleifend pede libero quis orci. Nullam molestie nibh in lectus.', 86201415918, 96.12);
insert into items (uuid, name, description, barcode, price) values (293, 'Limes', 'Quisque porta volutpat erat. Quisque erat eros, viverra eget, congue eget, semper rutrum, nulla. Nunc purus.', 45048716581, 84.12);
insert into items (uuid, name, description, barcode, price) values (294, 'Quail Eggs - Canned', 'Nullam porttitor lacus at turpis. Donec posuere metus vitae ipsum. Aliquam non mauris.', 96042519517, 21.26);
insert into items (uuid, name, description, barcode, price) values (295, 'Veal - Brisket, Provimi, Bone - In', 'Curabitur in libero ut massa volutpat convallis. Morbi odio odio, elementum eu, interdum eu, tincidunt in, leo. Maecenas pulvinar lobortis est.', 89520514192, 2.96);
insert into items (uuid, name, description, barcode, price) values (296, 'Cabbage - Savoy', 'Praesent blandit. Nam nulla. Integer pede justo, lacinia eget, tincidunt eget, tempus vel, pede.', 72248992385, 91.81);
insert into items (uuid, name, description, barcode, price) values (297, 'Beef - Flank Steak', 'Integer tincidunt ante vel ipsum. Praesent blandit lacinia erat. Vestibulum sed magna at nunc commodo placerat.', 63878361794, 93.53);
insert into items (uuid, name, description, barcode, price) values (298, 'Apple - Northern Spy', 'Quisque id justo sit amet sapien dignissim vestibulum. Vestibulum ante ipsum primis in faucibus orci luctus et ultrices posuere cubilia Curae; Nulla dapibus dolor vel est. Donec odio justo, sollicitudin ut, suscipit a, feugiat et, eros.', 43850175702, 86.49);
insert into items (uuid, name, description, barcode, price) values (299, 'Cheese - Augre Des Champs', 'Duis aliquam convallis nunc. Proin at turpis a pede posuere nonummy. Integer non velit.', 96586432618, 70.07);
insert into items (uuid, name, description, barcode, price) values (300, 'Sausage - Breakfast', 'In hac habitasse platea dictumst. Etiam faucibus cursus urna. Ut tellus.', 63218504513, 92.95);
insert into items (uuid, name, description, barcode, price) values (301, 'Chicken - Whole Roasting', 'Aliquam quis turpis eget elit sodales scelerisque. Mauris sit amet eros. Suspendisse accumsan tortor quis turpis.', 98406135142, 68.28);
insert into items (uuid, name, description, barcode, price) values (302, 'Veal - Tenderloin, Untrimmed', 'In hac habitasse platea dictumst. Etiam faucibus cursus urna. Ut tellus.', 96949521750, 3.42);
insert into items (uuid, name, description, barcode, price) values (303, 'Cheese - Swiss Sliced', 'Maecenas leo odio, condimentum id, luctus nec, molestie sed, justo. Pellentesque viverra pede ac diam. Cras pellentesque volutpat dui.', 40166488159, 43.05);
insert into items (uuid, name, description, barcode, price) values (304, 'Pasta - Fusili, Dry', 'Curabitur gravida nisi at nibh. In hac habitasse platea dictumst. Aliquam augue quam, sollicitudin vitae, consectetuer eget, rutrum at, lorem.', 35987621991, 44.63);
insert into items (uuid, name, description, barcode, price) values (305, 'Chicken - Wieners', 'Aliquam quis turpis eget elit sodales scelerisque. Mauris sit amet eros. Suspendisse accumsan tortor quis turpis.', 89255260417, 6.01);
insert into items (uuid, name, description, barcode, price) values (306, 'Mousse - Mango', 'Quisque porta volutpat erat. Quisque erat eros, viverra eget, congue eget, semper rutrum, nulla. Nunc purus.', 91902079969, 93.4);
insert into items (uuid, name, description, barcode, price) values (307, 'Wine - Jaboulet Cotes Du Rhone', 'In hac habitasse platea dictumst. Etiam faucibus cursus urna. Ut tellus.', 99946731961, 5.31);
insert into items (uuid, name, description, barcode, price) values (308, 'Pastry - Lemon Danish - Mini', 'In hac habitasse platea dictumst. Etiam faucibus cursus urna. Ut tellus.', 22535961087, 53.94);
insert into items (uuid, name, description, barcode, price) values (309, 'Cheese - Bakers Cream Cheese', 'Fusce consequat. Nulla nisl. Nunc nisl.', 52564396748, 11.64);
insert into items (uuid, name, description, barcode, price) values (310, 'Wine - Red, Black Opal Shiraz', 'Nullam sit amet turpis elementum ligula vehicula consequat. Morbi a ipsum. Integer a nibh.', 31173394285, 70.53);
insert into items (uuid, name, description, barcode, price) values (311, 'Crackers - Graham', 'Quisque porta volutpat erat. Quisque erat eros, viverra eget, congue eget, semper rutrum, nulla. Nunc purus.', 16182623467, 52.67);
insert into items (uuid, name, description, barcode, price) values (312, 'Spoon - Soup, Plastic', 'Duis aliquam convallis nunc. Proin at turpis a pede posuere nonummy. Integer non velit.', 34391092862, 9.01);
insert into items (uuid, name, description, barcode, price) values (313, 'Carrots - Purple, Organic', 'Suspendisse potenti. In eleifend quam a odio. In hac habitasse platea dictumst.', 19446531133, 98.45);
insert into items (uuid, name, description, barcode, price) values (314, 'Mangostein', 'Cras non velit nec nisi vulputate nonummy. Maecenas tincidunt lacus at velit. Vivamus vel nulla eget eros elementum pellentesque.', 32163809228, 8.74);
insert into items (uuid, name, description, barcode, price) values (315, 'Kolrabi', 'Curabitur at ipsum ac tellus semper interdum. Mauris ullamcorper purus sit amet nulla. Quisque arcu libero, rutrum ac, lobortis vel, dapibus at, diam.', 36799240503, 62.13);
insert into items (uuid, name, description, barcode, price) values (316, 'Beef - Tenderlion, Center Cut', 'Quisque id justo sit amet sapien dignissim vestibulum. Vestibulum ante ipsum primis in faucibus orci luctus et ultrices posuere cubilia Curae; Nulla dapibus dolor vel est. Donec odio justo, sollicitudin ut, suscipit a, feugiat et, eros.', 44062229940, 26.79);
insert into items (uuid, name, description, barcode, price) values (317, 'Rum - White, Gg White', 'Etiam vel augue. Vestibulum rutrum rutrum neque. Aenean auctor gravida sem.', 87183365911, 22.38);
insert into items (uuid, name, description, barcode, price) values (318, 'Lid - 0090 Clear', 'Aliquam quis turpis eget elit sodales scelerisque. Mauris sit amet eros. Suspendisse accumsan tortor quis turpis.', 94580410390, 95.76);
insert into items (uuid, name, description, barcode, price) values (319, 'Pastry - French Mini Assorted', 'Donec diam neque, vestibulum eget, vulputate ut, ultrices vel, augue. Vestibulum ante ipsum primis in faucibus orci luctus et ultrices posuere cubilia Curae; Donec pharetra, magna vestibulum aliquet ultrices, erat tortor sollicitudin mi, sit amet lobortis sapien sapien non mi. Integer ac neque.', 54920282260, 26.89);
insert into items (uuid, name, description, barcode, price) values (320, 'Jam - Marmalade, Orange', 'In quis justo. Maecenas rhoncus aliquam lacus. Morbi quis tortor id nulla ultrices aliquet.', 94984294038, 75.33);
insert into items (uuid, name, description, barcode, price) values (321, 'Momiji Oroshi Chili Sauce', 'Morbi porttitor lorem id ligula. Suspendisse ornare consequat lectus. In est risus, auctor sed, tristique in, tempus sit amet, sem.', 70753257313, 42.13);
insert into items (uuid, name, description, barcode, price) values (322, 'Beer - Blue Light', 'Duis bibendum, felis sed interdum venenatis, turpis enim blandit mi, in porttitor pede justo eu massa. Donec dapibus. Duis at velit eu est congue elementum.', 64123376587, 67.06);
insert into items (uuid, name, description, barcode, price) values (323, 'Soup Campbells - Italian Wedding', 'Vestibulum ac est lacinia nisi venenatis tristique. Fusce congue, diam id ornare imperdiet, sapien urna pretium nisl, ut volutpat sapien arcu sed augue. Aliquam erat volutpat.', 68146572638, 33.76);
insert into items (uuid, name, description, barcode, price) values (324, 'Radish', 'Maecenas leo odio, condimentum id, luctus nec, molestie sed, justo. Pellentesque viverra pede ac diam. Cras pellentesque volutpat dui.', 92447705874, 99.69);
insert into items (uuid, name, description, barcode, price) values (325, 'Salt And Pepper Mix - Black', 'Cras mi pede, malesuada in, imperdiet et, commodo vulputate, justo. In blandit ultrices enim. Lorem ipsum dolor sit amet, consectetuer adipiscing elit.', 33997946893, 64.02);
insert into items (uuid, name, description, barcode, price) values (326, 'Pork - Caul Fat', 'Pellentesque at nulla. Suspendisse potenti. Cras in purus eu magna vulputate luctus.', 69172843825, 12.95);
insert into items (uuid, name, description, barcode, price) values (327, 'Pepper - Black, Crushed', 'Morbi non lectus. Aliquam sit amet diam in magna bibendum imperdiet. Nullam orci pede, venenatis non, sodales sed, tincidunt eu, felis.', 34735074959, 20.96);
insert into items (uuid, name, description, barcode, price) values (328, 'Capon - Breast, Wing On', 'Nullam sit amet turpis elementum ligula vehicula consequat. Morbi a ipsum. Integer a nibh.', 58870936963, 52.17);
insert into items (uuid, name, description, barcode, price) values (329, 'Wine - Duboeuf Beaujolais', 'Vestibulum quam sapien, varius ut, blandit non, interdum in, ante. Vestibulum ante ipsum primis in faucibus orci luctus et ultrices posuere cubilia Curae; Duis faucibus accumsan odio. Curabitur convallis.', 60993224459, 77.57);
insert into items (uuid, name, description, barcode, price) values (330, 'Chicken - White Meat, No Tender', 'Aenean fermentum. Donec ut mauris eget massa tempor convallis. Nulla neque libero, convallis eget, eleifend luctus, ultricies eu, nibh.', 88534479216, 5.23);
insert into items (uuid, name, description, barcode, price) values (331, 'Nut - Pumpkin Seeds', 'Nullam sit amet turpis elementum ligula vehicula consequat. Morbi a ipsum. Integer a nibh.', 15082608537, 42.2);
insert into items (uuid, name, description, barcode, price) values (332, 'Pectin', 'Vestibulum quam sapien, varius ut, blandit non, interdum in, ante. Vestibulum ante ipsum primis in faucibus orci luctus et ultrices posuere cubilia Curae; Duis faucibus accumsan odio. Curabitur convallis.', 89067768449, 38.1);
insert into items (uuid, name, description, barcode, price) values (333, 'Cheese - Feta', 'Cras non velit nec nisi vulputate nonummy. Maecenas tincidunt lacus at velit. Vivamus vel nulla eget eros elementum pellentesque.', 54744818653, 87.9);
insert into items (uuid, name, description, barcode, price) values (334, 'Oil - Macadamia', 'Suspendisse potenti. In eleifend quam a odio. In hac habitasse platea dictumst.', 52111019572, 94.12);
insert into items (uuid, name, description, barcode, price) values (335, 'Flour - Cake', 'In congue. Etiam justo. Etiam pretium iaculis justo.', 74402263985, 68.81);
insert into items (uuid, name, description, barcode, price) values (336, 'Rootbeer', 'Morbi non lectus. Aliquam sit amet diam in magna bibendum imperdiet. Nullam orci pede, venenatis non, sodales sed, tincidunt eu, felis.', 33123546006, 96.57);
insert into items (uuid, name, description, barcode, price) values (337, 'Tuna - Sushi Grade', 'In hac habitasse platea dictumst. Etiam faucibus cursus urna. Ut tellus.', 71525504703, 67.13);
insert into items (uuid, name, description, barcode, price) values (338, 'Bagel - Everything Presliced', 'Morbi porttitor lorem id ligula. Suspendisse ornare consequat lectus. In est risus, auctor sed, tristique in, tempus sit amet, sem.', 65191454884, 6.3);
insert into items (uuid, name, description, barcode, price) values (339, 'Water - Perrier', 'Quisque porta volutpat erat. Quisque erat eros, viverra eget, congue eget, semper rutrum, nulla. Nunc purus.', 53067745127, 31.07);
insert into items (uuid, name, description, barcode, price) values (340, 'Iced Tea Concentrate', 'Maecenas tristique, est et tempus semper, est quam pharetra magna, ac consequat metus sapien ut nunc. Vestibulum ante ipsum primis in faucibus orci luctus et ultrices posuere cubilia Curae; Mauris viverra diam vitae quam. Suspendisse potenti.', 68298546806, 20.99);
insert into items (uuid, name, description, barcode, price) values (341, 'Goldschalger', 'Nullam sit amet turpis elementum ligula vehicula consequat. Morbi a ipsum. Integer a nibh.', 45191414417, 93.84);
insert into items (uuid, name, description, barcode, price) values (342, 'Wine - Barolo Fontanafredda', 'Maecenas tristique, est et tempus semper, est quam pharetra magna, ac consequat metus sapien ut nunc. Vestibulum ante ipsum primis in faucibus orci luctus et ultrices posuere cubilia Curae; Mauris viverra diam vitae quam. Suspendisse potenti.', 87593268531, 96.68);
insert into items (uuid, name, description, barcode, price) values (343, 'Crab - Claws, 26 - 30', 'Maecenas ut massa quis augue luctus tincidunt. Nulla mollis molestie lorem. Quisque ut erat.', 36894753333, 94.48);
insert into items (uuid, name, description, barcode, price) values (344, 'Gin - Gilbeys London, Dry', 'Mauris enim leo, rhoncus sed, vestibulum sit amet, cursus id, turpis. Integer aliquet, massa id lobortis convallis, tortor risus dapibus augue, vel accumsan tellus nisi eu orci. Mauris lacinia sapien quis libero.', 29781956222, 48.99);
insert into items (uuid, name, description, barcode, price) values (345, 'Crackers - Melba Toast', 'Curabitur gravida nisi at nibh. In hac habitasse platea dictumst. Aliquam augue quam, sollicitudin vitae, consectetuer eget, rutrum at, lorem.', 10902044290, 83.86);
insert into items (uuid, name, description, barcode, price) values (346, 'Sugar - White Packet', 'Etiam vel augue. Vestibulum rutrum rutrum neque. Aenean auctor gravida sem.', 23687487705, 14.56);
insert into items (uuid, name, description, barcode, price) values (347, 'Container - Hngd Cll Blk 7x7x3', 'In hac habitasse platea dictumst. Etiam faucibus cursus urna. Ut tellus.', 35109487662, 93.27);
insert into items (uuid, name, description, barcode, price) values (348, 'Mix - Cappucino Cocktail', 'In hac habitasse platea dictumst. Etiam faucibus cursus urna. Ut tellus.', 22324656476, 58.05);
insert into items (uuid, name, description, barcode, price) values (349, 'Cheese - Mozzarella, Shredded', 'Integer ac leo. Pellentesque ultrices mattis odio. Donec vitae nisi.', 72410416715, 35.68);
insert into items (uuid, name, description, barcode, price) values (350, 'Bread - Sour Sticks With Onion', 'Maecenas ut massa quis augue luctus tincidunt. Nulla mollis molestie lorem. Quisque ut erat.', 97241509100, 47.09);
insert into items (uuid, name, description, barcode, price) values (351, 'Cheese - St. Andre', 'Lorem ipsum dolor sit amet, consectetuer adipiscing elit. Proin risus. Praesent lectus.', 74478824988, 66.8);
insert into items (uuid, name, description, barcode, price) values (352, 'Croissant, Raw - Mini', 'Nullam sit amet turpis elementum ligula vehicula consequat. Morbi a ipsum. Integer a nibh.', 32187849322, 52.68);
insert into items (uuid, name, description, barcode, price) values (353, 'Mushroom - Shitake, Dry', 'Phasellus sit amet erat. Nulla tempus. Vivamus in felis eu sapien cursus vestibulum.', 97680561404, 5.42);
insert into items (uuid, name, description, barcode, price) values (354, 'Oregano - Dry, Rubbed', 'Maecenas ut massa quis augue luctus tincidunt. Nulla mollis molestie lorem. Quisque ut erat.', 24545493128, 51.75);
insert into items (uuid, name, description, barcode, price) values (355, 'Flour - Chickpea', 'Integer ac leo. Pellentesque ultrices mattis odio. Donec vitae nisi.', 32054389946, 14.23);
insert into items (uuid, name, description, barcode, price) values (356, 'Cake - Cake Sheet Macaroon', 'Integer ac leo. Pellentesque ultrices mattis odio. Donec vitae nisi.', 18079385554, 80.32);
insert into items (uuid, name, description, barcode, price) values (357, 'Wine - Periguita Fonseca', 'Maecenas ut massa quis augue luctus tincidunt. Nulla mollis molestie lorem. Quisque ut erat.', 62739777500, 27.3);
insert into items (uuid, name, description, barcode, price) values (358, 'Smoked Paprika', 'In sagittis dui vel nisl. Duis ac nibh. Fusce lacus purus, aliquet at, feugiat non, pretium quis, lectus.', 58599858362, 51.46);
insert into items (uuid, name, description, barcode, price) values (359, 'Beer - Muskoka Cream Ale', 'Nullam sit amet turpis elementum ligula vehicula consequat. Morbi a ipsum. Integer a nibh.', 35799574820, 7.16);
insert into items (uuid, name, description, barcode, price) values (360, 'Octopus', 'Fusce posuere felis sed lacus. Morbi sem mauris, laoreet ut, rhoncus aliquet, pulvinar sed, nisl. Nunc rhoncus dui vel sem.', 78354279126, 87.38);
insert into items (uuid, name, description, barcode, price) values (361, 'Petite Baguette', 'Mauris enim leo, rhoncus sed, vestibulum sit amet, cursus id, turpis. Integer aliquet, massa id lobortis convallis, tortor risus dapibus augue, vel accumsan tellus nisi eu orci. Mauris lacinia sapien quis libero.', 63754939171, 63.22);
insert into items (uuid, name, description, barcode, price) values (362, 'Sour Cream', 'Integer ac leo. Pellentesque ultrices mattis odio. Donec vitae nisi.', 90970752316, 84.34);
insert into items (uuid, name, description, barcode, price) values (363, 'Pike - Frozen Fillet', 'Nullam sit amet turpis elementum ligula vehicula consequat. Morbi a ipsum. Integer a nibh.', 48095861467, 50.84);
insert into items (uuid, name, description, barcode, price) values (364, 'Celery Root', 'Mauris enim leo, rhoncus sed, vestibulum sit amet, cursus id, turpis. Integer aliquet, massa id lobortis convallis, tortor risus dapibus augue, vel accumsan tellus nisi eu orci. Mauris lacinia sapien quis libero.', 97436479144, 53.77);
insert into items (uuid, name, description, barcode, price) values (365, 'Persimmons', 'Suspendisse potenti. In eleifend quam a odio. In hac habitasse platea dictumst.', 83178271634, 50.4);
insert into items (uuid, name, description, barcode, price) values (366, 'Bread - Bistro Sour', 'Praesent blandit. Nam nulla. Integer pede justo, lacinia eget, tincidunt eget, tempus vel, pede.', 60776721797, 50.95);
insert into items (uuid, name, description, barcode, price) values (367, 'Dc Hikiage Hira Huba', 'Quisque id justo sit amet sapien dignissim vestibulum. Vestibulum ante ipsum primis in faucibus orci luctus et ultrices posuere cubilia Curae; Nulla dapibus dolor vel est. Donec odio justo, sollicitudin ut, suscipit a, feugiat et, eros.', 91056004982, 6.51);
insert into items (uuid, name, description, barcode, price) values (368, 'Stock - Veal, White', 'Morbi non lectus. Aliquam sit amet diam in magna bibendum imperdiet. Nullam orci pede, venenatis non, sodales sed, tincidunt eu, felis.', 72991586475, 16.41);
insert into items (uuid, name, description, barcode, price) values (369, 'Bagel - Everything Presliced', 'Duis aliquam convallis nunc. Proin at turpis a pede posuere nonummy. Integer non velit.', 53203073030, 97.44);
insert into items (uuid, name, description, barcode, price) values (370, 'Glass - Juice Clear 5oz 55005', 'Proin leo odio, porttitor id, consequat in, consequat ut, nulla. Sed accumsan felis. Ut at dolor quis odio consequat varius.', 55670761887, 87.14);
insert into items (uuid, name, description, barcode, price) values (371, 'Rappini - Andy Boy', 'Vestibulum ac est lacinia nisi venenatis tristique. Fusce congue, diam id ornare imperdiet, sapien urna pretium nisl, ut volutpat sapien arcu sed augue. Aliquam erat volutpat.', 99759771377, 23.86);
insert into items (uuid, name, description, barcode, price) values (372, 'Scampi Tail', 'Morbi non lectus. Aliquam sit amet diam in magna bibendum imperdiet. Nullam orci pede, venenatis non, sodales sed, tincidunt eu, felis.', 61608518198, 31.16);
insert into items (uuid, name, description, barcode, price) values (373, 'Bread - Raisin Walnut Oval', 'Morbi non lectus. Aliquam sit amet diam in magna bibendum imperdiet. Nullam orci pede, venenatis non, sodales sed, tincidunt eu, felis.', 21680267304, 17.59);
insert into items (uuid, name, description, barcode, price) values (374, 'Bacardi Limon', 'Morbi non lectus. Aliquam sit amet diam in magna bibendum imperdiet. Nullam orci pede, venenatis non, sodales sed, tincidunt eu, felis.', 78556828437, 71.87);
insert into items (uuid, name, description, barcode, price) values (375, 'Compound - Raspberry', 'Morbi non lectus. Aliquam sit amet diam in magna bibendum imperdiet. Nullam orci pede, venenatis non, sodales sed, tincidunt eu, felis.', 49305191320, 54.78);
insert into items (uuid, name, description, barcode, price) values (376, 'Coriander - Seed', 'Quisque id justo sit amet sapien dignissim vestibulum. Vestibulum ante ipsum primis in faucibus orci luctus et ultrices posuere cubilia Curae; Nulla dapibus dolor vel est. Donec odio justo, sollicitudin ut, suscipit a, feugiat et, eros.', 13601529441, 95.09);
insert into items (uuid, name, description, barcode, price) values (377, 'Muffin - Banana Nut Individual', 'In hac habitasse platea dictumst. Etiam faucibus cursus urna. Ut tellus.', 72439988375, 58.42);
insert into items (uuid, name, description, barcode, price) values (378, 'Bread - Dark Rye, Loaf', 'Nulla ut erat id mauris vulputate elementum. Nullam varius. Nulla facilisi.', 65463445436, 41.59);
insert into items (uuid, name, description, barcode, price) values (379, 'Pasta - Canelloni, Single Serve', 'Morbi non lectus. Aliquam sit amet diam in magna bibendum imperdiet. Nullam orci pede, venenatis non, sodales sed, tincidunt eu, felis.', 75471080492, 32.26);
insert into items (uuid, name, description, barcode, price) values (380, 'Graham Cracker Mix', 'Proin interdum mauris non ligula pellentesque ultrices. Phasellus id sapien in sapien iaculis congue. Vivamus metus arcu, adipiscing molestie, hendrerit at, vulputate vitae, nisl.', 54288941007, 18.1);
insert into items (uuid, name, description, barcode, price) values (381, 'Ecolab - Solid Fusion', 'Cras non velit nec nisi vulputate nonummy. Maecenas tincidunt lacus at velit. Vivamus vel nulla eget eros elementum pellentesque.', 86609737784, 20.26);
insert into items (uuid, name, description, barcode, price) values (382, 'Turkey - Breast, Boneless Sk On', 'Cum sociis natoque penatibus et magnis dis parturient montes, nascetur ridiculus mus. Vivamus vestibulum sagittis sapien. Cum sociis natoque penatibus et magnis dis parturient montes, nascetur ridiculus mus.', 60320563471, 84.36);
insert into items (uuid, name, description, barcode, price) values (383, 'Ostrich - Prime Cut', 'Lorem ipsum dolor sit amet, consectetuer adipiscing elit. Proin risus. Praesent lectus.', 65819463727, 98.64);
insert into items (uuid, name, description, barcode, price) values (384, 'Ketchup - Tomato', 'Suspendisse potenti. In eleifend quam a odio. In hac habitasse platea dictumst.', 88522334039, 31.5);
insert into items (uuid, name, description, barcode, price) values (385, 'Grouper - Fresh', 'Phasellus sit amet erat. Nulla tempus. Vivamus in felis eu sapien cursus vestibulum.', 94780376657, 56.29);
insert into items (uuid, name, description, barcode, price) values (386, 'Extract - Lemon', 'Nulla ut erat id mauris vulputate elementum. Nullam varius. Nulla facilisi.', 75304222144, 96.18);
insert into items (uuid, name, description, barcode, price) values (387, 'Cheese - Bocconcini', 'Aliquam quis turpis eget elit sodales scelerisque. Mauris sit amet eros. Suspendisse accumsan tortor quis turpis.', 74852880051, 70.46);
insert into items (uuid, name, description, barcode, price) values (388, 'Beans - French', 'In sagittis dui vel nisl. Duis ac nibh. Fusce lacus purus, aliquet at, feugiat non, pretium quis, lectus.', 18336073829, 76.03);
insert into items (uuid, name, description, barcode, price) values (389, 'Muffin Orange Individual', 'Quisque porta volutpat erat. Quisque erat eros, viverra eget, congue eget, semper rutrum, nulla. Nunc purus.', 95753280306, 89.13);
insert into items (uuid, name, description, barcode, price) values (390, 'Soupcontfoam16oz 116con', 'Integer tincidunt ante vel ipsum. Praesent blandit lacinia erat. Vestibulum sed magna at nunc commodo placerat.', 33263464559, 13.79);
insert into items (uuid, name, description, barcode, price) values (391, 'Sesame Seed', 'Maecenas leo odio, condimentum id, luctus nec, molestie sed, justo. Pellentesque viverra pede ac diam. Cras pellentesque volutpat dui.', 30089523468, 78.9);
insert into items (uuid, name, description, barcode, price) values (392, 'Lighter - Bbq', 'Proin leo odio, porttitor id, consequat in, consequat ut, nulla. Sed accumsan felis. Ut at dolor quis odio consequat varius.', 57881479345, 23.4);
insert into items (uuid, name, description, barcode, price) values (393, 'Wine - Masi Valpolocell', 'Praesent id massa id nisl venenatis lacinia. Aenean sit amet justo. Morbi ut odio.', 40160382611, 56.38);
insert into items (uuid, name, description, barcode, price) values (394, 'Water - Green Tea Refresher', 'Aliquam quis turpis eget elit sodales scelerisque. Mauris sit amet eros. Suspendisse accumsan tortor quis turpis.', 17197552618, 68.15);
insert into items (uuid, name, description, barcode, price) values (395, 'Pasta - Fusili, Dry', 'Maecenas ut massa quis augue luctus tincidunt. Nulla mollis molestie lorem. Quisque ut erat.', 85825382013, 45.33);
insert into items (uuid, name, description, barcode, price) values (396, 'Relish', 'Sed sagittis. Nam congue, risus semper porta volutpat, quam pede lobortis ligula, sit amet eleifend pede libero quis orci. Nullam molestie nibh in lectus.', 81995241635, 93.38);
insert into items (uuid, name, description, barcode, price) values (397, 'Wine - Balbach Riverside', 'Duis bibendum, felis sed interdum venenatis, turpis enim blandit mi, in porttitor pede justo eu massa. Donec dapibus. Duis at velit eu est congue elementum.', 45208879761, 88.47);
insert into items (uuid, name, description, barcode, price) values (398, 'Longos - Penne With Pesto', 'Duis consequat dui nec nisi volutpat eleifend. Donec ut dolor. Morbi vel lectus in quam fringilla rhoncus.', 96910946003, 88.42);
insert into items (uuid, name, description, barcode, price) values (399, 'Ice Cream Bar - Hageen Daz To', 'Cras non velit nec nisi vulputate nonummy. Maecenas tincidunt lacus at velit. Vivamus vel nulla eget eros elementum pellentesque.', 74836266183, 70.59);
insert into items (uuid, name, description, barcode, price) values (400, 'Veal - Kidney', 'Sed sagittis. Nam congue, risus semper porta volutpat, quam pede lobortis ligula, sit amet eleifend pede libero quis orci. Nullam molestie nibh in lectus.', 25642776178, 30.02);
insert into items (uuid, name, description, barcode, price) values (401, 'Swordfish Loin Portions', 'In hac habitasse platea dictumst. Etiam faucibus cursus urna. Ut tellus.', 13457843082, 35.62);
insert into items (uuid, name, description, barcode, price) values (402, 'Tomatoes - Hot House', 'Proin eu mi. Nulla ac enim. In tempor, turpis nec euismod scelerisque, quam turpis adipiscing lorem, vitae mattis nibh ligula nec sem.', 32901947229, 19.98);
insert into items (uuid, name, description, barcode, price) values (403, 'Soup - Canadian Pea, Dry Mix', 'Phasellus sit amet erat. Nulla tempus. Vivamus in felis eu sapien cursus vestibulum.', 87545168826, 13.52);
insert into items (uuid, name, description, barcode, price) values (404, 'Gatorade - Xfactor Berry', 'In congue. Etiam justo. Etiam pretium iaculis justo.', 55355643424, 33.28);
insert into items (uuid, name, description, barcode, price) values (405, 'Bread - French Baquette', 'Aenean fermentum. Donec ut mauris eget massa tempor convallis. Nulla neque libero, convallis eget, eleifend luctus, ultricies eu, nibh.', 21461349692, 95.34);
insert into items (uuid, name, description, barcode, price) values (406, 'External Supplier', 'Nulla ut erat id mauris vulputate elementum. Nullam varius. Nulla facilisi.', 95857723072, 68.41);
insert into items (uuid, name, description, barcode, price) values (407, 'Sauce - Soya, Light', 'Duis bibendum, felis sed interdum venenatis, turpis enim blandit mi, in porttitor pede justo eu massa. Donec dapibus. Duis at velit eu est congue elementum.', 89796014702, 94.66);
insert into items (uuid, name, description, barcode, price) values (408, 'Wine - Penfolds Koonuga Hill', 'Fusce posuere felis sed lacus. Morbi sem mauris, laoreet ut, rhoncus aliquet, pulvinar sed, nisl. Nunc rhoncus dui vel sem.', 12393882193, 26.68);
insert into items (uuid, name, description, barcode, price) values (409, 'Sole - Fillet', 'In hac habitasse platea dictumst. Etiam faucibus cursus urna. Ut tellus.', 74292003118, 69.01);
insert into items (uuid, name, description, barcode, price) values (410, 'Quail - Jumbo', 'Curabitur in libero ut massa volutpat convallis. Morbi odio odio, elementum eu, interdum eu, tincidunt in, leo. Maecenas pulvinar lobortis est.', 35363608540, 73.68);
insert into items (uuid, name, description, barcode, price) values (411, 'Sour Cream', 'Duis bibendum. Morbi non quam nec dui luctus rutrum. Nulla tellus.', 52879901960, 46.14);
insert into items (uuid, name, description, barcode, price) values (412, 'Spring Roll Wrappers', 'Aliquam quis turpis eget elit sodales scelerisque. Mauris sit amet eros. Suspendisse accumsan tortor quis turpis.', 68584851693, 28.76);
insert into items (uuid, name, description, barcode, price) values (413, 'Bread - Olive', 'Quisque porta volutpat erat. Quisque erat eros, viverra eget, congue eget, semper rutrum, nulla. Nunc purus.', 46799909166, 3.1);
insert into items (uuid, name, description, barcode, price) values (414, 'Food Colouring - Red', 'Vestibulum quam sapien, varius ut, blandit non, interdum in, ante. Vestibulum ante ipsum primis in faucibus orci luctus et ultrices posuere cubilia Curae; Duis faucibus accumsan odio. Curabitur convallis.', 15336556060, 25.06);
insert into items (uuid, name, description, barcode, price) values (415, 'Wine - Rosso Del Veronese Igt', 'In sagittis dui vel nisl. Duis ac nibh. Fusce lacus purus, aliquet at, feugiat non, pretium quis, lectus.', 47460075584, 61.89);
insert into items (uuid, name, description, barcode, price) values (416, 'Pork Loin Cutlets', 'Curabitur gravida nisi at nibh. In hac habitasse platea dictumst. Aliquam augue quam, sollicitudin vitae, consectetuer eget, rutrum at, lorem.', 40070933016, 16.11);
insert into items (uuid, name, description, barcode, price) values (417, 'Oil - Canola', 'Suspendisse potenti. In eleifend quam a odio. In hac habitasse platea dictumst.', 69622289785, 13.66);
insert into items (uuid, name, description, barcode, price) values (418, 'Rabbit - Frozen', 'Duis bibendum. Morbi non quam nec dui luctus rutrum. Nulla tellus.', 35846097174, 16.79);
insert into items (uuid, name, description, barcode, price) values (419, 'Tea - Lemon Green Tea', 'Mauris enim leo, rhoncus sed, vestibulum sit amet, cursus id, turpis. Integer aliquet, massa id lobortis convallis, tortor risus dapibus augue, vel accumsan tellus nisi eu orci. Mauris lacinia sapien quis libero.', 71124234156, 98.03);
insert into items (uuid, name, description, barcode, price) values (420, 'Chocolate - Unsweetened', 'Mauris enim leo, rhoncus sed, vestibulum sit amet, cursus id, turpis. Integer aliquet, massa id lobortis convallis, tortor risus dapibus augue, vel accumsan tellus nisi eu orci. Mauris lacinia sapien quis libero.', 82101438113, 36.53);
insert into items (uuid, name, description, barcode, price) values (421, 'Container - Foam Dixie 12 Oz', 'Aenean fermentum. Donec ut mauris eget massa tempor convallis. Nulla neque libero, convallis eget, eleifend luctus, ultricies eu, nibh.', 80487724261, 82.04);
insert into items (uuid, name, description, barcode, price) values (422, 'Rum - Dark, Bacardi, Black', 'Vestibulum quam sapien, varius ut, blandit non, interdum in, ante. Vestibulum ante ipsum primis in faucibus orci luctus et ultrices posuere cubilia Curae; Duis faucibus accumsan odio. Curabitur convallis.', 33296640732, 19.49);
insert into items (uuid, name, description, barcode, price) values (423, 'Brocolinni - Gaylan, Chinese', 'In quis justo. Maecenas rhoncus aliquam lacus. Morbi quis tortor id nulla ultrices aliquet.', 58244410955, 31.44);
insert into items (uuid, name, description, barcode, price) values (424, 'Bread - Pain Au Liat X12', 'Phasellus in felis. Donec semper sapien a libero. Nam dui.', 46075429185, 40.65);
insert into items (uuid, name, description, barcode, price) values (425, 'Capicola - Hot', 'In hac habitasse platea dictumst. Morbi vestibulum, velit id pretium iaculis, diam erat fermentum justo, nec condimentum neque sapien placerat ante. Nulla justo.', 91885500934, 28.29);
insert into items (uuid, name, description, barcode, price) values (426, 'Ecolab - Lime - A - Way 4/4 L', 'Suspendisse potenti. In eleifend quam a odio. In hac habitasse platea dictumst.', 43609664409, 77.13);
insert into items (uuid, name, description, barcode, price) values (427, 'Soup - Campbells Broccoli', 'Fusce posuere felis sed lacus. Morbi sem mauris, laoreet ut, rhoncus aliquet, pulvinar sed, nisl. Nunc rhoncus dui vel sem.', 10254713981, 85.63);
insert into items (uuid, name, description, barcode, price) values (428, 'Bar Energy Chocchip', 'In hac habitasse platea dictumst. Morbi vestibulum, velit id pretium iaculis, diam erat fermentum justo, nec condimentum neque sapien placerat ante. Nulla justo.', 62377999495, 3.61);
insert into items (uuid, name, description, barcode, price) values (429, 'Syrup - Golden, Lyles', 'Nullam porttitor lacus at turpis. Donec posuere metus vitae ipsum. Aliquam non mauris.', 30089974426, 88.66);
insert into items (uuid, name, description, barcode, price) values (430, 'Thyme - Lemon, Fresh', 'Nam ultrices, libero non mattis pulvinar, nulla pede ullamcorper augue, a suscipit nulla elit ac nulla. Sed vel enim sit amet nunc viverra dapibus. Nulla suscipit ligula in lacus.', 47828321386, 94.04);
insert into items (uuid, name, description, barcode, price) values (431, 'Roe - Lump Fish, Red', 'Vestibulum ac est lacinia nisi venenatis tristique. Fusce congue, diam id ornare imperdiet, sapien urna pretium nisl, ut volutpat sapien arcu sed augue. Aliquam erat volutpat.', 59400336168, 56.93);
insert into items (uuid, name, description, barcode, price) values (432, 'Beef - Rouladin, Sliced', 'Sed sagittis. Nam congue, risus semper porta volutpat, quam pede lobortis ligula, sit amet eleifend pede libero quis orci. Nullam molestie nibh in lectus.', 40131588667, 70.15);
insert into items (uuid, name, description, barcode, price) values (433, 'Water - Spring Water 500ml', 'Sed sagittis. Nam congue, risus semper porta volutpat, quam pede lobortis ligula, sit amet eleifend pede libero quis orci. Nullam molestie nibh in lectus.', 76442004411, 6.14);
insert into items (uuid, name, description, barcode, price) values (434, 'Truffle Cups - Red', 'Phasellus in felis. Donec semper sapien a libero. Nam dui.', 51507433132, 11.34);
insert into items (uuid, name, description, barcode, price) values (435, 'Cornstarch', 'In congue. Etiam justo. Etiam pretium iaculis justo.', 24319178693, 32.02);
insert into items (uuid, name, description, barcode, price) values (436, 'Bar - Granola Trail Mix Fruit Nut', 'Aliquam quis turpis eget elit sodales scelerisque. Mauris sit amet eros. Suspendisse accumsan tortor quis turpis.', 43674048954, 93.68);
insert into items (uuid, name, description, barcode, price) values (437, 'Chicken - Base, Ultimate', 'In quis justo. Maecenas rhoncus aliquam lacus. Morbi quis tortor id nulla ultrices aliquet.', 85421890866, 30.77);
insert into items (uuid, name, description, barcode, price) values (438, 'Eggroll', 'Duis aliquam convallis nunc. Proin at turpis a pede posuere nonummy. Integer non velit.', 98744842886, 58.24);
insert into items (uuid, name, description, barcode, price) values (439, 'Apple - Northern Spy', 'Proin leo odio, porttitor id, consequat in, consequat ut, nulla. Sed accumsan felis. Ut at dolor quis odio consequat varius.', 41412575262, 91.4);
insert into items (uuid, name, description, barcode, price) values (440, 'Vermouth - Sweet, Cinzano', 'Nullam sit amet turpis elementum ligula vehicula consequat. Morbi a ipsum. Integer a nibh.', 30695592493, 67.38);
insert into items (uuid, name, description, barcode, price) values (441, 'Chicken - Leg / Back Attach', 'In hac habitasse platea dictumst. Etiam faucibus cursus urna. Ut tellus.', 23502333581, 17.74);
insert into items (uuid, name, description, barcode, price) values (442, 'Sugar - Monocystal / Rock', 'Proin eu mi. Nulla ac enim. In tempor, turpis nec euismod scelerisque, quam turpis adipiscing lorem, vitae mattis nibh ligula nec sem.', 97104602545, 56.16);
insert into items (uuid, name, description, barcode, price) values (443, 'Salad Dressing', 'Mauris enim leo, rhoncus sed, vestibulum sit amet, cursus id, turpis. Integer aliquet, massa id lobortis convallis, tortor risus dapibus augue, vel accumsan tellus nisi eu orci. Mauris lacinia sapien quis libero.', 22483561726, 12.74);
insert into items (uuid, name, description, barcode, price) values (444, 'Hog / Sausage Casing - Pork', 'Cras non velit nec nisi vulputate nonummy. Maecenas tincidunt lacus at velit. Vivamus vel nulla eget eros elementum pellentesque.', 49243458696, 92.86);
insert into items (uuid, name, description, barcode, price) values (445, 'Tray - Foam, Square 4 - S', 'Aenean lectus. Pellentesque eget nunc. Donec quis orci eget orci vehicula condimentum.', 17081584324, 65.7);
insert into items (uuid, name, description, barcode, price) values (446, 'Maintenance Removal Charge', 'Phasellus sit amet erat. Nulla tempus. Vivamus in felis eu sapien cursus vestibulum.', 30823536820, 84.92);
insert into items (uuid, name, description, barcode, price) values (447, 'Hummus - Spread', 'In sagittis dui vel nisl. Duis ac nibh. Fusce lacus purus, aliquet at, feugiat non, pretium quis, lectus.', 84137216077, 59.09);
insert into items (uuid, name, description, barcode, price) values (448, 'Muffin - Blueberry Individual', 'Proin leo odio, porttitor id, consequat in, consequat ut, nulla. Sed accumsan felis. Ut at dolor quis odio consequat varius.', 14223029734, 19.31);
insert into items (uuid, name, description, barcode, price) values (449, 'Olives - Morracan Dired', 'Suspendisse potenti. In eleifend quam a odio. In hac habitasse platea dictumst.', 44558795561, 93.1);
insert into items (uuid, name, description, barcode, price) values (450, 'Lentils - Green, Dry', 'Pellentesque at nulla. Suspendisse potenti. Cras in purus eu magna vulputate luctus.', 71408836588, 3.36);
insert into items (uuid, name, description, barcode, price) values (451, 'Melon - Watermelon, Seedless', 'Donec diam neque, vestibulum eget, vulputate ut, ultrices vel, augue. Vestibulum ante ipsum primis in faucibus orci luctus et ultrices posuere cubilia Curae; Donec pharetra, magna vestibulum aliquet ultrices, erat tortor sollicitudin mi, sit amet lobortis sapien sapien non mi. Integer ac neque.', 61526129672, 49.97);
insert into items (uuid, name, description, barcode, price) values (452, 'Wine - Harrow Estates, Vidal', 'Aenean fermentum. Donec ut mauris eget massa tempor convallis. Nulla neque libero, convallis eget, eleifend luctus, ultricies eu, nibh.', 24241300748, 58.5);
insert into items (uuid, name, description, barcode, price) values (453, 'Pastry - Choclate Baked', 'Phasellus in felis. Donec semper sapien a libero. Nam dui.', 17156783800, 69.57);
insert into items (uuid, name, description, barcode, price) values (454, 'Longos - Lasagna Beef', 'Aliquam quis turpis eget elit sodales scelerisque. Mauris sit amet eros. Suspendisse accumsan tortor quis turpis.', 51692141328, 97.65);
insert into items (uuid, name, description, barcode, price) values (455, 'Beans - French', 'Sed sagittis. Nam congue, risus semper porta volutpat, quam pede lobortis ligula, sit amet eleifend pede libero quis orci. Nullam molestie nibh in lectus.', 27946730550, 20.68);
insert into items (uuid, name, description, barcode, price) values (456, 'Veal - Shank, Pieces', 'Morbi non lectus. Aliquam sit amet diam in magna bibendum imperdiet. Nullam orci pede, venenatis non, sodales sed, tincidunt eu, felis.', 78765681948, 74.13);
insert into items (uuid, name, description, barcode, price) values (457, 'Compound - Rum', 'Vestibulum quam sapien, varius ut, blandit non, interdum in, ante. Vestibulum ante ipsum primis in faucibus orci luctus et ultrices posuere cubilia Curae; Duis faucibus accumsan odio. Curabitur convallis.', 81631955352, 42.3);
insert into items (uuid, name, description, barcode, price) values (458, 'Versatainer Nc - 8288', 'Proin eu mi. Nulla ac enim. In tempor, turpis nec euismod scelerisque, quam turpis adipiscing lorem, vitae mattis nibh ligula nec sem.', 26365394673, 85.96);
insert into items (uuid, name, description, barcode, price) values (459, 'Sauce - Roasted Red Pepper', 'Nulla ut erat id mauris vulputate elementum. Nullam varius. Nulla facilisi.', 32636942565, 63.55);
insert into items (uuid, name, description, barcode, price) values (460, 'Sauce - Chili', 'Fusce posuere felis sed lacus. Morbi sem mauris, laoreet ut, rhoncus aliquet, pulvinar sed, nisl. Nunc rhoncus dui vel sem.', 85823070465, 36.11);
insert into items (uuid, name, description, barcode, price) values (461, 'Calypso - Pineapple Passion', 'Nulla ut erat id mauris vulputate elementum. Nullam varius. Nulla facilisi.', 27720307653, 44.23);
insert into items (uuid, name, description, barcode, price) values (462, 'Flour - So Mix Cake White', 'Quisque id justo sit amet sapien dignissim vestibulum. Vestibulum ante ipsum primis in faucibus orci luctus et ultrices posuere cubilia Curae; Nulla dapibus dolor vel est. Donec odio justo, sollicitudin ut, suscipit a, feugiat et, eros.', 21591116288, 32.22);
insert into items (uuid, name, description, barcode, price) values (463, 'Chocolate Bar - Smarties', 'Vestibulum quam sapien, varius ut, blandit non, interdum in, ante. Vestibulum ante ipsum primis in faucibus orci luctus et ultrices posuere cubilia Curae; Duis faucibus accumsan odio. Curabitur convallis.', 84969480711, 65.16);
insert into items (uuid, name, description, barcode, price) values (464, 'Bar Bran Honey Nut', 'In sagittis dui vel nisl. Duis ac nibh. Fusce lacus purus, aliquet at, feugiat non, pretium quis, lectus.', 45530460063, 8.26);
insert into items (uuid, name, description, barcode, price) values (465, 'Soap - Hand Soap', 'In hac habitasse platea dictumst. Morbi vestibulum, velit id pretium iaculis, diam erat fermentum justo, nec condimentum neque sapien placerat ante. Nulla justo.', 17549022297, 25.37);
insert into items (uuid, name, description, barcode, price) values (466, 'Beef - Ground Medium', 'Maecenas ut massa quis augue luctus tincidunt. Nulla mollis molestie lorem. Quisque ut erat.', 79026248074, 63.99);
insert into items (uuid, name, description, barcode, price) values (467, 'Soup Campbells', 'Proin leo odio, porttitor id, consequat in, consequat ut, nulla. Sed accumsan felis. Ut at dolor quis odio consequat varius.', 87646030696, 25.42);
insert into items (uuid, name, description, barcode, price) values (468, 'Salad Dressing', 'Integer ac leo. Pellentesque ultrices mattis odio. Donec vitae nisi.', 93964244227, 60.2);
insert into items (uuid, name, description, barcode, price) values (469, 'Potatoes - Instant, Mashed', 'Curabitur at ipsum ac tellus semper interdum. Mauris ullamcorper purus sit amet nulla. Quisque arcu libero, rutrum ac, lobortis vel, dapibus at, diam.', 82507662811, 92.38);
insert into items (uuid, name, description, barcode, price) values (470, 'Cape Capensis - Fillet', 'Maecenas ut massa quis augue luctus tincidunt. Nulla mollis molestie lorem. Quisque ut erat.', 84773350402, 76.32);
insert into items (uuid, name, description, barcode, price) values (471, 'Basil - Pesto Sauce', 'Cras mi pede, malesuada in, imperdiet et, commodo vulputate, justo. In blandit ultrices enim. Lorem ipsum dolor sit amet, consectetuer adipiscing elit.', 37304511005, 38.02);
insert into items (uuid, name, description, barcode, price) values (472, 'Onions - Red', 'Curabitur in libero ut massa volutpat convallis. Morbi odio odio, elementum eu, interdum eu, tincidunt in, leo. Maecenas pulvinar lobortis est.', 13892140920, 20.92);
insert into items (uuid, name, description, barcode, price) values (473, 'Crab - Meat Combo', 'Nullam sit amet turpis elementum ligula vehicula consequat. Morbi a ipsum. Integer a nibh.', 22253409199, 4.55);
insert into items (uuid, name, description, barcode, price) values (474, 'Pancetta', 'Sed ante. Vivamus tortor. Duis mattis egestas metus.', 59495592228, 83.28);
insert into items (uuid, name, description, barcode, price) values (475, 'Beer - Alexander Kieths, Pale Ale', 'In hac habitasse platea dictumst. Morbi vestibulum, velit id pretium iaculis, diam erat fermentum justo, nec condimentum neque sapien placerat ante. Nulla justo.', 26290783587, 10.69);
insert into items (uuid, name, description, barcode, price) values (476, 'Pecan Raisin - Tarts', 'In congue. Etiam justo. Etiam pretium iaculis justo.', 62948732882, 46.64);
insert into items (uuid, name, description, barcode, price) values (477, 'Veal - Bones', 'Duis bibendum, felis sed interdum venenatis, turpis enim blandit mi, in porttitor pede justo eu massa. Donec dapibus. Duis at velit eu est congue elementum.', 91110846364, 96.14);
insert into items (uuid, name, description, barcode, price) values (478, 'Pepper - Cubanelle', 'In sagittis dui vel nisl. Duis ac nibh. Fusce lacus purus, aliquet at, feugiat non, pretium quis, lectus.', 83975241007, 45.55);
insert into items (uuid, name, description, barcode, price) values (479, 'Beer - Blue Light', 'Duis aliquam convallis nunc. Proin at turpis a pede posuere nonummy. Integer non velit.', 91212773456, 7.1);
insert into items (uuid, name, description, barcode, price) values (480, 'Muffin - Mix - Creme Brule 15l', 'Curabitur gravida nisi at nibh. In hac habitasse platea dictumst. Aliquam augue quam, sollicitudin vitae, consectetuer eget, rutrum at, lorem.', 37732058743, 74.38);
insert into items (uuid, name, description, barcode, price) values (481, 'Grouper - Fresh', 'Proin leo odio, porttitor id, consequat in, consequat ut, nulla. Sed accumsan felis. Ut at dolor quis odio consequat varius.', 26111666064, 33.67);
insert into items (uuid, name, description, barcode, price) values (482, 'Orange - Tangerine', 'In hac habitasse platea dictumst. Morbi vestibulum, velit id pretium iaculis, diam erat fermentum justo, nec condimentum neque sapien placerat ante. Nulla justo.', 95459795964, 23.37);
insert into items (uuid, name, description, barcode, price) values (483, 'Bread - Roll, Soft White Round', 'Proin interdum mauris non ligula pellentesque ultrices. Phasellus id sapien in sapien iaculis congue. Vivamus metus arcu, adipiscing molestie, hendrerit at, vulputate vitae, nisl.', 51147982154, 56.94);
insert into items (uuid, name, description, barcode, price) values (484, 'Fish - Atlantic Salmon, Cold', 'In hac habitasse platea dictumst. Morbi vestibulum, velit id pretium iaculis, diam erat fermentum justo, nec condimentum neque sapien placerat ante. Nulla justo.', 70310992824, 61.5);
insert into items (uuid, name, description, barcode, price) values (485, 'Food Colouring - Red', 'Curabitur gravida nisi at nibh. In hac habitasse platea dictumst. Aliquam augue quam, sollicitudin vitae, consectetuer eget, rutrum at, lorem.', 39249807154, 31.54);
insert into items (uuid, name, description, barcode, price) values (486, 'Wine - Jackson Triggs Okonagan', 'In congue. Etiam justo. Etiam pretium iaculis justo.', 47292572695, 64.62);
insert into items (uuid, name, description, barcode, price) values (487, 'Mushroom - Chanterelle Frozen', 'Praesent id massa id nisl venenatis lacinia. Aenean sit amet justo. Morbi ut odio.', 15163013855, 65.81);
insert into items (uuid, name, description, barcode, price) values (488, 'Lid - High Heat, Super Clear', 'Proin leo odio, porttitor id, consequat in, consequat ut, nulla. Sed accumsan felis. Ut at dolor quis odio consequat varius.', 76523794183, 23.45);
insert into items (uuid, name, description, barcode, price) values (489, 'Glaze - Apricot', 'Vestibulum ac est lacinia nisi venenatis tristique. Fusce congue, diam id ornare imperdiet, sapien urna pretium nisl, ut volutpat sapien arcu sed augue. Aliquam erat volutpat.', 29338247393, 6.59);
insert into items (uuid, name, description, barcode, price) values (490, 'Pasta - Agnolotti - Butternut', 'Praesent blandit. Nam nulla. Integer pede justo, lacinia eget, tincidunt eget, tempus vel, pede.', 97585359299, 68.48);
insert into items (uuid, name, description, barcode, price) values (491, 'Cheese - Havarti, Roasted Garlic', 'Etiam vel augue. Vestibulum rutrum rutrum neque. Aenean auctor gravida sem.', 14552756661, 17.26);
insert into items (uuid, name, description, barcode, price) values (492, 'Soup - Beef, Base Mix', 'Curabitur in libero ut massa volutpat convallis. Morbi odio odio, elementum eu, interdum eu, tincidunt in, leo. Maecenas pulvinar lobortis est.', 61072583308, 4.36);
insert into items (uuid, name, description, barcode, price) values (493, 'Veal - Brisket, Provimi, Bone - In', 'Quisque porta volutpat erat. Quisque erat eros, viverra eget, congue eget, semper rutrum, nulla. Nunc purus.', 87320252704, 99.77);
insert into items (uuid, name, description, barcode, price) values (494, 'Wine - Kwv Chenin Blanc South', 'Lorem ipsum dolor sit amet, consectetuer adipiscing elit. Proin risus. Praesent lectus.', 20139890355, 52.86);
insert into items (uuid, name, description, barcode, price) values (495, 'Lettuce - Romaine, Heart', 'Quisque porta volutpat erat. Quisque erat eros, viverra eget, congue eget, semper rutrum, nulla. Nunc purus.', 86098680043, 40.39);
insert into items (uuid, name, description, barcode, price) values (496, 'Ginger - Ground', 'Sed ante. Vivamus tortor. Duis mattis egestas metus.', 46298482506, 9.82);
insert into items (uuid, name, description, barcode, price) values (497, 'Pork - Tenderloin, Frozen', 'Mauris enim leo, rhoncus sed, vestibulum sit amet, cursus id, turpis. Integer aliquet, massa id lobortis convallis, tortor risus dapibus augue, vel accumsan tellus nisi eu orci. Mauris lacinia sapien quis libero.', 89399466707, 64.84);
insert into items (uuid, name, description, barcode, price) values (498, 'Soy Protein', 'Lorem ipsum dolor sit amet, consectetuer adipiscing elit. Proin risus. Praesent lectus.', 75382061088, 64.68);
insert into items (uuid, name, description, barcode, price) values (499, 'Appetizer - Seafood Assortment', 'Sed sagittis. Nam congue, risus semper porta volutpat, quam pede lobortis ligula, sit amet eleifend pede libero quis orci. Nullam molestie nibh in lectus.', 58264761304, 40.89);
insert into items (uuid, name, description, barcode, price) values (500, 'Wine - Piper Heidsieck Brut', 'Lorem ipsum dolor sit amet, consectetuer adipiscing elit. Proin risus. Praesent lectus.', 35860364357, 49.35);

insert into transactions (uuid, token, user_uuid) values (1, '13vap5E7W7NcW1Hez6tqH9GX393FQK3pcS', 32);
insert into transactions (uuid, token, user_uuid) values (2, '1HGrZUVvSMGnPKAPkhcrrFr73TYdrUXoCv', 4);
insert into transactions (uuid, token, user_uuid) values (3, '1J6kQixc4YAZHbSVCZok8osMEeQ9Kk1oDG', 8);
insert into transactions (uuid, token, user_uuid) values (4, '17cgX3URPDLZJwVF5tSaHneWZrwyNbfFqw', 33);
insert into transactions (uuid, token, user_uuid) values (5, '1Pi8kebiePBmu6Byhbgs2fBUGqVxDXV4DC', 46);
insert into transactions (uuid, token, user_uuid) values (6, '1NQsR9MswyKHCm6EXPjQZTVzBk9AonNQXr', 9);
insert into transactions (uuid, token, user_uuid) values (7, '1LfNtHs1YeYdswiwNQ7nkBiesjjYPKu1BV', 15);
insert into transactions (uuid, token, user_uuid) values (8, '19vfJABeaM718jsr2zJdh4NvM4YsDtGztX', 30);
insert into transactions (uuid, token, user_uuid) values (9, '12VUxBoMaCDdjByztg3Xx62TZ5MnYV3nj8', 47);
insert into transactions (uuid, token, user_uuid) values (10, '1ApvkrWKdy3sDTUGfkse1G1ywG9MBT17wi', 9);
insert into transactions (uuid, token, user_uuid) values (11, '1KboUW2ns9MroCzW4EXrjcG75JN4MDrDdn', 19);
insert into transactions (uuid, token, user_uuid) values (12, '15JhYCiEq3AgHZbVP3FGFJdXttxDapWePF', 35);
insert into transactions (uuid, token, user_uuid) values (13, '1K7bLj5KaNq1TAVathxuiqtf5xWf6tde9h', 8);
insert into transactions (uuid, token, user_uuid) values (14, '1CacwAcX1boUJD6TK86RbAZz6eJyaTCRVR', 4);
insert into transactions (uuid, token, user_uuid) values (15, '1DytxHoFKSVNmeBve1xuo63t8JsKAYuaBj', 16);
insert into transactions (uuid, token, user_uuid) values (16, '17BMfLATxvzUC7FfjBtJPMsh7bCWJpSxAk', 10);
insert into transactions (uuid, token, user_uuid) values (17, '1L4BvpHQ8XT46RYNpZEkHf21p8SRK5WaT5', 16);
insert into transactions (uuid, token, user_uuid) values (18, '1KfWc2ftMBwDW5wGvJXxVoZ8WReq7tK9Z1', 43);
insert into transactions (uuid, token, user_uuid) values (19, '1G1GbP4cGoMsbEf9SSRot6c7mpZ8gFLdu2', 14);
insert into transactions (uuid, token, user_uuid) values (20, '1YEcdtPXxDiv2famMqgQv9HN9zSDSciPW', 47);

insert into transaction_items (transaction_uuid, item_uuid) values (20, 390);
insert into transaction_items (transaction_uuid, item_uuid) values (1, 141);
insert into transaction_items (transaction_uuid, item_uuid) values (4, 402);
insert into transaction_items (transaction_uuid, item_uuid) values (1, 182);
insert into transaction_items (transaction_uuid, item_uuid) values (8, 81);
insert into transaction_items (transaction_uuid, item_uuid) values (10, 158);
insert into transaction_items (transaction_uuid, item_uuid) values (18, 85);
insert into transaction_items (transaction_uuid, item_uuid) values (12, 120);
insert into transaction_items (transaction_uuid, item_uuid) values (12, 13);
insert into transaction_items (transaction_uuid, item_uuid) values (8, 225);
insert into transaction_items (transaction_uuid, item_uuid) values (14, 278);
insert into transaction_items (transaction_uuid, item_uuid) values (17, 354);
insert into transaction_items (transaction_uuid, item_uuid) values (5, 413);
insert into transaction_items (transaction_uuid, item_uuid) values (19, 420);
insert into transaction_items (transaction_uuid, item_uuid) values (12, 451);
insert into transaction_items (transaction_uuid, item_uuid) values (19, 76);
insert into transaction_items (transaction_uuid, item_uuid) values (16, 291);
insert into transaction_items (transaction_uuid, item_uuid) values (9, 139);
insert into transaction_items (transaction_uuid, item_uuid) values (18, 266);
insert into transaction_items (transaction_uuid, item_uuid) values (18, 485);
insert into transaction_items (transaction_uuid, item_uuid) values (11, 491);
insert into transaction_items (transaction_uuid, item_uuid) values (7, 294);
insert into transaction_items (transaction_uuid, item_uuid) values (7, 412);
insert into transaction_items (transaction_uuid, item_uuid) values (7, 248);
insert into transaction_items (transaction_uuid, item_uuid) values (18, 15);
insert into transaction_items (transaction_uuid, item_uuid) values (8, 130);
insert into transaction_items (transaction_uuid, item_uuid) values (10, 470);
insert into transaction_items (transaction_uuid, item_uuid) values (19, 342);
insert into transaction_items (transaction_uuid, item_uuid) values (15, 388);
insert into transaction_items (transaction_uuid, item_uuid) values (9, 410);
insert into transaction_items (transaction_uuid, item_uuid) values (3, 75);
insert into transaction_items (transaction_uuid, item_uuid) values (11, 19);
insert into transaction_items (transaction_uuid, item_uuid) values (1, 403);
insert into transaction_items (transaction_uuid, item_uuid) values (19, 83);
insert into transaction_items (transaction_uuid, item_uuid) values (5, 134);
insert into transaction_items (transaction_uuid, item_uuid) values (2, 326);
insert into transaction_items (transaction_uuid, item_uuid) values (8, 272);
insert into transaction_items (transaction_uuid, item_uuid) values (20, 40);
insert into transaction_items (transaction_uuid, item_uuid) values (19, 102);
insert into transaction_items (transaction_uuid, item_uuid) values (13, 41);
insert into transaction_items (transaction_uuid, item_uuid) values (9, 338);
insert into transaction_items (transaction_uuid, item_uuid) values (10, 1);
insert into transaction_items (transaction_uuid, item_uuid) values (12, 16);
insert into transaction_items (transaction_uuid, item_uuid) values (11, 337);
insert into transaction_items (transaction_uuid, item_uuid) values (16, 422);
insert into transaction_items (transaction_uuid, item_uuid) values (20, 306);
insert into transaction_items (transaction_uuid, item_uuid) values (8, 99);
insert into transaction_items (transaction_uuid, item_uuid) values (4, 238);
insert into transaction_items (transaction_uuid, item_uuid) values (15, 194);
insert into transaction_items (transaction_uuid, item_uuid) values (7, 456);
insert into transaction_items (transaction_uuid, item_uuid) values (20, 273);
insert into transaction_items (transaction_uuid, item_uuid) values (8, 462);
insert into transaction_items (transaction_uuid, item_uuid) values (10, 286);
insert into transaction_items (transaction_uuid, item_uuid) values (15, 166);
insert into transaction_items (transaction_uuid, item_uuid) values (15, 110);
insert into transaction_items (transaction_uuid, item_uuid) values (19, 385);
insert into transaction_items (transaction_uuid, item_uuid) values (2, 224);
insert into transaction_items (transaction_uuid, item_uuid) values (20, 415);
insert into transaction_items (transaction_uuid, item_uuid) values (1, 75);
insert into transaction_items (transaction_uuid, item_uuid) values (17, 440);
insert into transaction_items (transaction_uuid, item_uuid) values (3, 156);
insert into transaction_items (transaction_uuid, item_uuid) values (14, 224);
insert into transaction_items (transaction_uuid, item_uuid) values (11, 31);
insert into transaction_items (transaction_uuid, item_uuid) values (15, 355);
insert into transaction_items (transaction_uuid, item_uuid) values (19, 75);
insert into transaction_items (transaction_uuid, item_uuid) values (3, 12);
insert into transaction_items (transaction_uuid, item_uuid) values (13, 13);
insert into transaction_items (transaction_uuid, item_uuid) values (18, 303);
insert into transaction_items (transaction_uuid, item_uuid) values (8, 343);
insert into transaction_items (transaction_uuid, item_uuid) values (16, 258);
insert into transaction_items (transaction_uuid, item_uuid) values (19, 380);
insert into transaction_items (transaction_uuid, item_uuid) values (12, 246);
insert into transaction_items (transaction_uuid, item_uuid) values (14, 167);
insert into transaction_items (transaction_uuid, item_uuid) values (19, 120);
insert into transaction_items (transaction_uuid, item_uuid) values (4, 275);
insert into transaction_items (transaction_uuid, item_uuid) values (17, 22);
insert into transaction_items (transaction_uuid, item_uuid) values (18, 93);
insert into transaction_items (transaction_uuid, item_uuid) values (2, 410);
insert into transaction_items (transaction_uuid, item_uuid) values (4, 255);
insert into transaction_items (transaction_uuid, item_uuid) values (4, 51);
insert into transaction_items (transaction_uuid, item_uuid) values (3, 96);
insert into transaction_items (transaction_uuid, item_uuid) values (10, 116);
insert into transaction_items (transaction_uuid, item_uuid) values (14, 149);
insert into transaction_items (transaction_uuid, item_uuid) values (5, 304);
insert into transaction_items (transaction_uuid, item_uuid) values (2, 138);
insert into transaction_items (transaction_uuid, item_uuid) values (3, 263);
insert into transaction_items (transaction_uuid, item_uuid) values (17, 305);
insert into transaction_items (transaction_uuid, item_uuid) values (2, 337);
insert into transaction_items (transaction_uuid, item_uuid) values (20, 495);
insert into transaction_items (transaction_uuid, item_uuid) values (11, 253);
insert into transaction_items (transaction_uuid, item_uuid) values (15, 358);
insert into transaction_items (transaction_uuid, item_uuid) values (1, 404);
insert into transaction_items (transaction_uuid, item_uuid) values (10, 312);
insert into transaction_items (transaction_uuid, item_uuid) values (9, 235);
insert into transaction_items (transaction_uuid, item_uuid) values (4, 439);
insert into transaction_items (transaction_uuid, item_uuid) values (1, 104);
insert into transaction_items (transaction_uuid, item_uuid) values (8, 50);
insert into transaction_items (transaction_uuid, item_uuid) values (1, 87);
insert into transaction_items (transaction_uuid, item_uuid) values (13, 390);
insert into transaction_items (transaction_uuid, item_uuid) values (8, 312);
insert into transaction_items (transaction_uuid, item_uuid) values (5, 18);
insert into transaction_items (transaction_uuid, item_uuid) values (17, 263);
insert into transaction_items (transaction_uuid, item_uuid) values (8, 127);
insert into transaction_items (transaction_uuid, item_uuid) values (18, 286);
insert into transaction_items (transaction_uuid, item_uuid) values (16, 65);
insert into transaction_items (transaction_uuid, item_uuid) values (16, 224);
insert into transaction_items (transaction_uuid, item_uuid) values (10, 306);
insert into transaction_items (transaction_uuid, item_uuid) values (12, 17);
insert into transaction_items (transaction_uuid, item_uuid) values (2, 80);
insert into transaction_items (transaction_uuid, item_uuid) values (13, 325);
insert into transaction_items (transaction_uuid, item_uuid) values (1, 292);
insert into transaction_items (transaction_uuid, item_uuid) values (17, 373);
insert into transaction_items (transaction_uuid, item_uuid) values (13, 334);
insert into transaction_items (transaction_uuid, item_uuid) values (17, 379);
insert into transaction_items (transaction_uuid, item_uuid) values (12, 481);
insert into transaction_items (transaction_uuid, item_uuid) values (12, 31);
insert into transaction_items (transaction_uuid, item_uuid) values (19, 131);
insert into transaction_items (transaction_uuid, item_uuid) values (2, 363);
insert into transaction_items (transaction_uuid, item_uuid) values (11, 195);
insert into transaction_items (transaction_uuid, item_uuid) values (13, 430);
insert into transaction_items (transaction_uuid, item_uuid) values (19, 374);
insert into transaction_items (transaction_uuid, item_uuid) values (5, 190);
insert into transaction_items (transaction_uuid, item_uuid) values (11, 417);
insert into transaction_items (transaction_uuid, item_uuid) values (20, 246);
insert into transaction_items (transaction_uuid, item_uuid) values (13, 47);
insert into transaction_items (transaction_uuid, item_uuid) values (17, 303);
insert into transaction_items (transaction_uuid, item_uuid) values (2, 356);
insert into transaction_items (transaction_uuid, item_uuid) values (5, 310);
insert into transaction_items (transaction_uuid, item_uuid) values (15, 225);
insert into transaction_items (transaction_uuid, item_uuid) values (20, 352);
insert into transaction_items (transaction_uuid, item_uuid) values (14, 453);
insert into transaction_items (transaction_uuid, item_uuid) values (10, 354);
insert into transaction_items (transaction_uuid, item_uuid) values (12, 394);
insert into transaction_items (transaction_uuid, item_uuid) values (15, 37);
insert into transaction_items (transaction_uuid, item_uuid) values (19, 171);
insert into transaction_items (transaction_uuid, item_uuid) values (15, 159);
insert into transaction_items (transaction_uuid, item_uuid) values (11, 115);
insert into transaction_items (transaction_uuid, item_uuid) values (15, 359);
insert into transaction_items (transaction_uuid, item_uuid) values (6, 169);
insert into transaction_items (transaction_uuid, item_uuid) values (2, 228);
insert into transaction_items (transaction_uuid, item_uuid) values (19, 376);
insert into transaction_items (transaction_uuid, item_uuid) values (2, 308);
insert into transaction_items (transaction_uuid, item_uuid) values (1, 59);
insert into transaction_items (transaction_uuid, item_uuid) values (10, 136);
insert into transaction_items (transaction_uuid, item_uuid) values (6, 323);
insert into transaction_items (transaction_uuid, item_uuid) values (7, 26);
insert into transaction_items (transaction_uuid, item_uuid) values (4, 365);
insert into transaction_items (transaction_uuid, item_uuid) values (8, 71);
insert into transaction_items (transaction_uuid, item_uuid) values (11, 316);
insert into transaction_items (transaction_uuid, item_uuid) values (10, 61);
insert into transaction_items (transaction_uuid, item_uuid) values (10, 56);
insert into transaction_items (transaction_uuid, item_uuid) values (14, 500);
insert into transaction_items (transaction_uuid, item_uuid) values (17, 389);
insert into transaction_items (transaction_uuid, item_uuid) values (14, 83);
insert into transaction_items (transaction_uuid, item_uuid) values (18, 312);
insert into transaction_items (transaction_uuid, item_uuid) values (16, 216);
insert into transaction_items (transaction_uuid, item_uuid) values (3, 478);
insert into transaction_items (transaction_uuid, item_uuid) values (12, 19);
insert into transaction_items (transaction_uuid, item_uuid) values (10, 351);
insert into transaction_items (transaction_uuid, item_uuid) values (9, 287);
insert into transaction_items (transaction_uuid, item_uuid) values (2, 135);
insert into transaction_items (transaction_uuid, item_uuid) values (11, 48);
insert into transaction_items (transaction_uuid, item_uuid) values (6, 251);
insert into transaction_items (transaction_uuid, item_uuid) values (5, 161);
insert into transaction_items (transaction_uuid, item_uuid) values (17, 301);
insert into transaction_items (transaction_uuid, item_uuid) values (1, 236);
insert into transaction_items (transaction_uuid, item_uuid) values (4, 460);
insert into transaction_items (transaction_uuid, item_uuid) values (13, 86);
insert into transaction_items (transaction_uuid, item_uuid) values (18, 498);
insert into transaction_items (transaction_uuid, item_uuid) values (3, 46);
insert into transaction_items (transaction_uuid, item_uuid) values (8, 15);
insert into transaction_items (transaction_uuid, item_uuid) values (14, 388);
insert into transaction_items (transaction_uuid, item_uuid) values (16, 142);
insert into transaction_items (transaction_uuid, item_uuid) values (13, 40);
insert into transaction_items (transaction_uuid, item_uuid) values (17, 164);
insert into transaction_items (transaction_uuid, item_uuid) values (13, 325);
insert into transaction_items (transaction_uuid, item_uuid) values (3, 27);
insert into transaction_items (transaction_uuid, item_uuid) values (3, 454);
insert into transaction_items (transaction_uuid, item_uuid) values (5, 211);
insert into transaction_items (transaction_uuid, item_uuid) values (10, 461);
insert into transaction_items (transaction_uuid, item_uuid) values (14, 249);
insert into transaction_items (transaction_uuid, item_uuid) values (12, 161);
insert into transaction_items (transaction_uuid, item_uuid) values (15, 25);
insert into transaction_items (transaction_uuid, item_uuid) values (1, 468);
insert into transaction_items (transaction_uuid, item_uuid) values (1, 239);
insert into transaction_items (transaction_uuid, item_uuid) values (6, 178);
insert into transaction_items (transaction_uuid, item_uuid) values (3, 216);
insert into transaction_items (transaction_uuid, item_uuid) values (2, 461);
insert into transaction_items (transaction_uuid, item_uuid) values (3, 240);
insert into transaction_items (transaction_uuid, item_uuid) values (6, 227);
insert into transaction_items (transaction_uuid, item_uuid) values (16, 115);
insert into transaction_items (transaction_uuid, item_uuid) values (17, 445);
insert into transaction_items (transaction_uuid, item_uuid) values (14, 285);
insert into transaction_items (transaction_uuid, item_uuid) values (12, 491);
insert into transaction_items (transaction_uuid, item_uuid) values (3, 292);
insert into transaction_items (transaction_uuid, item_uuid) values (8, 238);
insert into transaction_items (transaction_uuid, item_uuid) values (15, 248);
insert into transaction_items (transaction_uuid, item_uuid) values (16, 319);
insert into transaction_items (transaction_uuid, item_uuid) values (19, 227);
insert into transaction_items (transaction_uuid, item_uuid) values (2, 298);
